staff_id,staff_name_alias,role,department,shift_start,shift_end,availability_status,assigned_theatre,assigned_surgery,last_updated
STAFF001,Dr./Nurse ORT_SUR_1,Surgeon,Orthopaedics,2026-09-10 08:00:00,2026-09-10 13:30:00,AVAILABLE,OT002,SURG001,2026-09-10 09:50:00
STAFF006,Dr./Nurse ORT_ANA_2,Anaesthetist,Orthopaedics,2026-09-10 08:00:00,2026-09-10 13:30:00,AVAILABLE,OT002,SURG001,2026-09-10 09:50:00
STAFF007,Dr./Nurse ORT_NUR_1,Nurse,Orthopaedics,2026-09-10 08:00:00,2026-09-10 13:30:00,AVAILABLE,OT002,SURG001,2026-09-10 09:50:00
STAFF011,Dr./Nurse ORT_TEC_1,Technician,Orthopaedics,2026-09-10 08:00:00,2026-09-10 13:30:00,AVAILABLE,OT002,SURG001,2026-09-10 09:50:00
STAFF037,Dr./Nurse NEU_SUR_1,Surgeon,Neurology,2026-09-10 10:00:00,2026-09-10 17:00:00,STUCK_IN_TRAFFIC,OT004,SURG002,2026-09-10 10:55:00
STAFF041,Dr./Nurse NEU_ANA_1,Anaesthetist,Neurology,2026-09-10 10:00:00,2026-09-10 17:00:00,,OT004,SURG002,2026-09-10 10:00:00
STAFF046,Dr./Nurse NEU_NUR_4,Nurse,Neurology,2026-09-10 10:00:00,2026-09-10 17:00:00,AVAILABLE,OT004,SURG002,2026-09-10 10:55:00
STAFF048,Dr./Nurse NEU_TEC_2,Technician,Neurology,2026-09-10 10:00:00,2026-09-10 17:00:00,AVAILABLE,OT004,SURG002,2026-09-10 10:55:00
STAFF013,Dr./Nurse CAR_SUR_1,Surgeon,Cardiology,2026-09-10 12:00:00,2026-09-10 17:00:00,AVAILABLE,OT002,SURG003,2026-09-10 13:50:00
STAFF018,Dr./Nurse CAR_ANA_2,Anaesthetist,Cardiology,2026-09-10 12:00:00,2026-09-10 17:00:00,AVAILABLE,OT002,SURG003,2026-09-10 13:50:00
STAFF019,Dr./Nurse CAR_NUR_1,Nurse,Cardiology,2026-09-10 12:00:00,2026-09-10 17:00:00,AVAILABLE,OT002,SURG003,2026-09-10 13:50:00
STAFF024,Dr./Nurse CAR_TEC_2,Technician,Cardiology,2026-09-10 12:00:00,2026-09-10 17:00:00,AVAILABLE,OT002,SURG003,2026-09-10 13:50:00
STAFF062,Dr./Nurse OBS_SUR_2,Surgeon,Obstetrics & Gynaecology,2026-09-10 14:00:00,2026-09-10 19:00:00,AVAILABLE,OT005,SURG004,2026-09-10 15:50:00
STAFF065,Dr./Nurse OBS_ANA_1,Anaesthetist,Obstetrics & Gynaecology,2026-09-10 14:00:00,2026-09-10 19:00:00,AVAILABLE,OT005,SURG004,2026-09-10 15:50:00
STAFF070,Dr./Nurse OBS_NUR_4,Nurse,Obstetrics & Gynaecology,2026-09-10 14:00:00,2026-09-10 19:00:00,AVAILABLE,OT005,SURG004,2026-09-10 15:50:00
STAFF072,Dr./Nurse OBS_TEC_2,Technician,Obstetrics & Gynaecology,2026-09-10 14:00:00,2026-09-10 19:00:00,AVAILABLE,OT005,SURG004,2026-09-10 15:50:00
STAFF062,Dr./Nurse OBS_SUR_2,Surgeon,Obstetrics & Gynaecology,2026-09-10 16:00:00,2026-09-10 22:00:00,AVAILABLE,OT006,SURG005,2026-09-10 17:50:00
STAFF065,Dr./Nurse OBS_ANA_1,Anaesthetist,Obstetrics & Gynaecology,2026-09-10 16:00:00,2026-09-10 22:00:00,AVAILABLE,OT006,SURG005,2026-09-10 17:50:00
STAFF070,Dr./Nurse OBS_NUR_4,Nurse,Obstetrics & Gynaecology,2026-09-10 16:00:00,2026-09-10 22:00:00,AVAILABLE,OT006,SURG005,2026-09-10 17:50:00
STAFF072,Dr./Nurse OBS_TEC_2,Technician,Obstetrics & Gynaecology,2026-09-10 16:00:00,2026-09-10 22:00:00,AVAILABLE,OT006,SURG005,2026-09-10 17:50:00
STAFF063,Dr./Nurse OBS_SUR_3,Surgeon,Obstetrics & Gynaecology,2026-09-10 18:00:00,2026-09-10 23:30:00,AVAILABLE,OT004,SURG006,2026-09-10 19:50:00
STAFF065,Dr./Nurse OBS_ANA_1,Anaesthetist,Obstetrics & Gynaecology,2026-09-10 18:00:00,2026-09-10 23:30:00,AVAILABLE,OT004,SURG006,2026-09-10 19:50:00
STAFF068,Dr./Nurse OBS_NUR_2,Nurse,Obstetrics & Gynaecology,2026-09-10 18:00:00,2026-09-10 23:30:00,AVAILABLE,OT004,SURG006,2026-09-10 19:50:00
STAFF072,Dr./Nurse OBS_TEC_2,Technician,Obstetrics & Gynaecology,2026-09-10 18:00:00,2026-09-10 23:30:00,AVAILABLE,OT004,SURG006,2026-09-10 19:50:00
STAFF075,Dr./Nurse ENT_SUR_3,Surgeon,ENT,2026-09-10 20:00:00,2026-09-11 01:30:00,AVAILABLE,OT008,SURG007,2026-09-10 21:50:00
STAFF078,Dr./Nurse ENT_ANA_2,Anaesthetist,ENT,2026-09-10 20:00:00,2026-09-11 01:30:00,AVAILABLE,OT008,SURG007,2026-09-10 21:50:00
STAFF082,Dr./Nurse ENT_NUR_4,Nurse,ENT,2026-09-10 20:00:00,2026-09-11 01:30:00,AVAILABLE,OT008,SURG007,2026-09-10 21:50:00
STAFF084,Dr./Nurse ENT_TEC_2,Technician,ENT,2026-09-10 20:00:00,2026-09-11 01:30:00,AVAILABLE,OT008,SURG007,2026-09-10 21:50:00
STAFF088,Dr./Nurse PLA_SUR_4,Surgeon,Plastic Surgery,2026-09-10 06:00:00,2026-09-10 11:00:00,AVAILABLE,OT003,SURG008,2026-09-10 07:50:00
STAFF089,Dr./Nurse PLA_ANA_1,Anaesthetist,Plastic Surgery,2026-09-10 06:00:00,2026-09-10 11:00:00,AVAILABLE,OT003,SURG008,2026-09-10 07:50:00
STAFF094,Dr./Nurse PLA_NUR_4,Nurse,Plastic Surgery,2026-09-10 06:00:00,2026-09-10 11:00:00,AVAILABLE,OT003,SURG008,2026-09-10 07:50:00
STAFF096,Dr./Nurse PLA_TEC_2,Technician,Plastic Surgery,2026-09-10 06:00:00,2026-09-10 11:00:00,AVAILABLE,OT003,SURG008,2026-09-10 07:50:00
STAFF003,Dr./Nurse ORT_SUR_3,Surgeon,Orthopaedics,2026-09-10 08:00:00,2026-09-10 15:00:00,AVAILABLE,OT005,SURG009,2026-09-10 09:50:00
STAFF006,Dr./Nurse ORT_ANA_2,Anaesthetist,Orthopaedics,2026-09-10 08:00:00,2026-09-10 15:00:00,AVAILABLE,OT005,SURG009,2026-09-10 09:50:00
STAFF008,Dr./Nurse ORT_NUR_2,Nurse,Orthopaedics,2026-09-10 08:00:00,2026-09-10 15:00:00,AVAILABLE,OT005,SURG009,2026-09-10 09:50:00
STAFF012,Dr./Nurse ORT_TEC_2,Technician,Orthopaedics,2026-09-10 08:00:00,2026-09-10 15:00:00,AVAILABLE,OT005,SURG009,2026-09-10 09:50:00
STAFF027,Dr./Nurse GEN_SUR_3,Surgeon,General Surgery,2026-09-10 10:00:00,2026-09-10 16:00:00,AVAILABLE,OT005,SURG010,2026-09-10 11:50:00
STAFF029,Dr./Nurse GEN_ANA_1,Anaesthetist,General Surgery,2026-09-10 10:00:00,2026-09-10 16:00:00,AVAILABLE,OT005,SURG010,2026-09-10 11:50:00
STAFF031,Dr./Nurse GEN_NUR_1,Nurse,General Surgery,2026-09-10 10:00:00,2026-09-10 16:00:00,AVAILABLE,OT005,SURG010,2026-09-10 11:50:00
STAFF036,Dr./Nurse GEN_TEC_2,Technician,General Surgery,2026-09-10 10:00:00,2026-09-10 16:00:00,AVAILABLE,OT005,SURG010,2026-09-10 11:50:00
STAFF016,Dr./Nurse CAR_SUR_4,Surgeon,Cardiology,2026-09-10 12:00:00,2026-09-10 18:00:00,AVAILABLE,OT001,SURG011,2026-09-10 13:50:00
STAFF017,Dr./Nurse CAR_ANA_1,Anaesthetist,Cardiology,2026-09-10 12:00:00,2026-09-10 18:00:00,AVAILABLE,OT001,SURG011,2026-09-10 13:50:00
STAFF020,Dr./Nurse CAR_NUR_2,Nurse,Cardiology,2026-09-10 12:00:00,2026-09-10 18:00:00,AVAILABLE,OT001,SURG011,2026-09-10 13:50:00
STAFF023,Dr./Nurse CAR_TEC_1,Technician,Cardiology,2026-09-10 12:00:00,2026-09-10 18:00:00,AVAILABLE,OT001,SURG011,2026-09-10 13:50:00
STAFF052,Dr./Nurse URO_SUR_4,Surgeon,Urology,2026-09-10 14:00:00,2026-09-10 19:30:00,AVAILABLE,OT003,SURG012,2026-09-10 15:50:00
STAFF054,Dr./Nurse URO_ANA_2,Anaesthetist,Urology,2026-09-10 14:00:00,2026-09-10 19:30:00,AVAILABLE,OT003,SURG012,2026-09-10 15:50:00
STAFF058,Dr./Nurse URO_NUR_4,Nurse,Urology,2026-09-10 14:00:00,2026-09-10 19:30:00,AVAILABLE,OT003,SURG012,2026-09-10 15:50:00
STAFF060,Dr./Nurse URO_TEC_2,Technician,Urology,2026-09-10 14:00:00,2026-09-10 19:30:00,AVAILABLE,OT003,SURG012,2026-09-10 15:50:00
STAFF037,Dr./Nurse NEU_SUR_1,Surgeon,Neurology,2026-09-10 16:00:00,2026-09-10 22:00:00,AVAILABLE,OT004,SURG013,2026-09-10 17:50:00
STAFF041,Dr./Nurse NEU_ANA_1,Anaesthetist,Neurology,2026-09-10 16:00:00,2026-09-10 22:00:00,AVAILABLE,OT004,SURG013,2026-09-10 17:50:00
STAFF044,Dr./Nurse NEU_NUR_2,Nurse,Neurology,2026-09-10 16:00:00,2026-09-10 22:00:00,AVAILABLE,OT004,SURG013,2026-09-10 17:50:00
STAFF047,Dr./Nurse NEU_TEC_1,Technician,Neurology,2026-09-10 16:00:00,2026-09-10 22:00:00,AVAILABLE,OT004,SURG013,2026-09-10 17:50:00
STAFF016,Dr./Nurse CAR_SUR_4,Surgeon,Cardiology,2026-09-10 18:00:00,2026-09-11 00:00:00,AVAILABLE,OT006,SURG014,2026-09-10 19:50:00
STAFF017,Dr./Nurse CAR_ANA_1,Anaesthetist,Cardiology,2026-09-10 18:00:00,2026-09-11 00:00:00,AVAILABLE,OT006,SURG014,2026-09-10 19:50:00
STAFF022,Dr./Nurse CAR_NUR_4,Nurse,Cardiology,2026-09-10 18:00:00,2026-09-11 00:00:00,AVAILABLE,OT006,SURG014,2026-09-10 19:50:00
STAFF024,Dr./Nurse CAR_TEC_2,Technician,Cardiology,2026-09-10 18:00:00,2026-09-11 00:00:00,AVAILABLE,OT006,SURG014,2026-09-10 19:50:00
STAFF013,Dr./Nurse CAR_SUR_1,Surgeon,Cardiology,2026-09-10 20:00:00,2026-09-11 02:00:00,AVAILABLE,OT002,SURG015,2026-09-10 21:50:00
STAFF017,Dr./Nurse CAR_ANA_1,Anaesthetist,Cardiology,2026-09-10 20:00:00,2026-09-11 02:00:00,AVAILABLE,OT002,SURG015,2026-09-10 21:50:00
STAFF022,Dr./Nurse CAR_NUR_4,Nurse,Cardiology,2026-09-10 20:00:00,2026-09-11 02:00:00,AVAILABLE,OT002,SURG015,2026-09-10 21:50:00
STAFF024,Dr./Nurse CAR_TEC_2,Technician,Cardiology,2026-09-10 20:00:00,2026-09-11 02:00:00,AVAILABLE,OT002,SURG015,2026-09-10 21:50:00
STAFF039,Dr./Nurse NEU_SUR_3,Surgeon,Neurology,2026-09-10 06:00:00,2026-09-10 13:00:00,AVAILABLE,OT004,SURG016,2026-09-10 07:50:00
STAFF042,Dr./Nurse NEU_ANA_2,Anaesthetist,Neurology,2026-09-10 06:00:00,2026-09-10 13:00:00,AVAILABLE,OT004,SURG016,2026-09-10 07:50:00
STAFF044,Dr./Nurse NEU_NUR_2,Nurse,Neurology,2026-09-10 06:00:00,2026-09-10 13:00:00,AVAILABLE,OT004,SURG016,2026-09-10 07:50:00
STAFF047,Dr./Nurse NEU_TEC_1,Technician,Neurology,2026-09-10 06:00:00,2026-09-10 13:00:00,AVAILABLE,OT004,SURG016,2026-09-10 07:50:00
STAFF004,Dr./Nurse ORT_SUR_4,Surgeon,Orthopaedics,2026-09-10 08:00:00,2026-09-10 13:00:00,AVAILABLE,OT002,SURG017,2026-09-10 09:50:00
STAFF006,Dr./Nurse ORT_ANA_2,Anaesthetist,Orthopaedics,2026-09-10 08:00:00,2026-09-10 13:00:00,AVAILABLE,OT002,SURG017,2026-09-10 09:50:00
STAFF010,Dr./Nurse ORT_NUR_4,Nurse,Orthopaedics,2026-09-10 08:00:00,2026-09-10 13:00:00,AVAILABLE,OT002,SURG017,2026-09-10 09:50:00
STAFF011,Dr./Nurse ORT_TEC_1,Technician,Orthopaedics,2026-09-10 08:00:00,2026-09-10 13:00:00,AVAILABLE,OT002,SURG017,2026-09-10 09:50:00
STAFF027,Dr./Nurse GEN_SUR_3,Surgeon,General Surgery,2026-09-10 10:00:00,2026-09-10 15:00:00,AVAILABLE,OT001,SURG018,2026-09-10 11:50:00
STAFF030,Dr./Nurse GEN_ANA_2,Anaesthetist,General Surgery,2026-09-10 10:00:00,2026-09-10 15:00:00,AVAILABLE,OT001,SURG018,2026-09-10 11:50:00
STAFF034,Dr./Nurse GEN_NUR_4,Nurse,General Surgery,2026-09-10 10:00:00,2026-09-10 15:00:00,AVAILABLE,OT001,SURG018,2026-09-10 11:50:00
STAFF035,Dr./Nurse GEN_TEC_1,Technician,General Surgery,2026-09-10 10:00:00,2026-09-10 15:00:00,AVAILABLE,OT001,SURG018,2026-09-10 11:50:00
STAFF037,Dr./Nurse NEU_SUR_1,Surgeon,Neurology,2026-09-10 12:00:00,2026-09-10 19:00:00,AVAILABLE,OT005,SURG019,2026-09-10 13:50:00
STAFF041,Dr./Nurse NEU_ANA_1,Anaesthetist,Neurology,2026-09-10 12:00:00,2026-09-10 19:00:00,AVAILABLE,OT005,SURG019,2026-09-10 13:50:00
STAFF046,Dr./Nurse NEU_NUR_4,Nurse,Neurology,2026-09-10 12:00:00,2026-09-10 19:00:00,AVAILABLE,OT005,SURG019,2026-09-10 13:50:00
STAFF047,Dr./Nurse NEU_TEC_1,Technician,Neurology,2026-09-10 12:00:00,2026-09-10 19:00:00,AVAILABLE,OT005,SURG019,2026-09-10 13:50:00
STAFF025,Dr./Nurse GEN_SUR_1,Surgeon,General Surgery,2026-09-10 14:00:00,2026-09-10 21:00:00,AVAILABLE,OT002,SURG020,2026-09-10 15:50:00
STAFF029,Dr./Nurse GEN_ANA_1,Anaesthetist,General Surgery,2026-09-10 14:00:00,2026-09-10 21:00:00,AVAILABLE,OT002,SURG020,2026-09-10 15:50:00
STAFF034,Dr./Nurse GEN_NUR_4,Nurse,General Surgery,2026-09-10 14:00:00,2026-09-10 21:00:00,AVAILABLE,OT002,SURG020,2026-09-10 15:50:00
STAFF036,Dr./Nurse GEN_TEC_2,Technician,General Surgery,2026-09-10 14:00:00,2026-09-10 21:00:00,AVAILABLE,OT002,SURG020,2026-09-10 15:50:00
STAFF063,Dr./Nurse OBS_SUR_3,Surgeon,Obstetrics & Gynaecology,2026-09-10 16:00:00,2026-09-10 22:00:00,AVAILABLE,OT004,SURG021,2026-09-10 17:50:00
STAFF065,Dr./Nurse OBS_ANA_1,Anaesthetist,Obstetrics & Gynaecology,2026-09-10 16:00:00,2026-09-10 22:00:00,AVAILABLE,OT004,SURG021,2026-09-10 17:50:00
STAFF067,Dr./Nurse OBS_NUR_1,Nurse,Obstetrics & Gynaecology,2026-09-10 16:00:00,2026-09-10 22:00:00,AVAILABLE,OT004,SURG021,2026-09-10 17:50:00
STAFF072,Dr./Nurse OBS_TEC_2,Technician,Obstetrics & Gynaecology,2026-09-10 16:00:00,2026-09-10 22:00:00,AVAILABLE,OT004,SURG021,2026-09-10 17:50:00
STAFF039,Dr./Nurse NEU_SUR_3,Surgeon,Neurology,2026-09-10 18:00:00,2026-09-10 23:30:00,AVAILABLE,OT002,SURG022,2026-09-10 19:50:00
STAFF042,Dr./Nurse NEU_ANA_2,Anaesthetist,Neurology,2026-09-10 18:00:00,2026-09-10 23:30:00,AVAILABLE,OT002,SURG022,2026-09-10 19:50:00
STAFF044,Dr./Nurse NEU_NUR_2,Nurse,Neurology,2026-09-10 18:00:00,2026-09-10 23:30:00,AVAILABLE,OT002,SURG022,2026-09-10 19:50:00
STAFF048,Dr./Nurse NEU_TEC_2,Technician,Neurology,2026-09-10 18:00:00,2026-09-10 23:30:00,AVAILABLE,OT002,SURG022,2026-09-10 19:50:00
STAFF050,Dr./Nurse URO_SUR_2,Surgeon,Urology,2026-09-10 20:00:00,2026-09-11 01:30:00,AVAILABLE,OT001,SURG023,2026-09-10 21:50:00
STAFF054,Dr./Nurse URO_ANA_2,Anaesthetist,Urology,2026-09-10 20:00:00,2026-09-11 01:30:00,AVAILABLE,OT001,SURG023,2026-09-10 21:50:00
STAFF057,Dr./Nurse URO_NUR_3,Nurse,Urology,2026-09-10 20:00:00,2026-09-11 01:30:00,AVAILABLE,OT001,SURG023,2026-09-10 21:50:00
STAFF059,Dr./Nurse URO_TEC_1,Technician,Urology,2026-09-10 20:00:00,2026-09-11 01:30:00,AVAILABLE,OT001,SURG023,2026-09-10 21:50:00
STAFF052,Dr./Nurse URO_SUR_4,Surgeon,Urology,2026-09-10 06:00:00,2026-09-10 12:00:00,AVAILABLE,OT004,SURG024,2026-09-10 07:50:00
STAFF054,Dr./Nurse URO_ANA_2,Anaesthetist,Urology,2026-09-10 06:00:00,2026-09-10 12:00:00,AVAILABLE,OT004,SURG024,2026-09-10 07:50:00
STAFF055,Dr./Nurse URO_NUR_1,Nurse,Urology,2026-09-10 06:00:00,2026-09-10 12:00:00,AVAILABLE,OT004,SURG024,2026-09-10 07:50:00
STAFF059,Dr./Nurse URO_TEC_1,Technician,Urology,2026-09-10 06:00:00,2026-09-10 12:00:00,AVAILABLE,OT004,SURG024,2026-09-10 07:50:00
STAFF049,Dr./Nurse URO_SUR_1,Surgeon,Urology,2026-09-10 08:00:00,2026-09-10 14:30:00,AVAILABLE,OT003,SURG025,2026-09-10 09:50:00
STAFF053,Dr./Nurse URO_ANA_1,Anaesthetist,Urology,2026-09-10 08:00:00,2026-09-10 14:30:00,AVAILABLE,OT003,SURG025,2026-09-10 09:50:00
STAFF056,Dr./Nurse URO_NUR_2,Nurse,Urology,2026-09-10 08:00:00,2026-09-10 14:30:00,AVAILABLE,OT003,SURG025,2026-09-10 09:50:00
STAFF059,Dr./Nurse URO_TEC_1,Technician,Urology,2026-09-10 08:00:00,2026-09-10 14:30:00,AVAILABLE,OT003,SURG025,2026-09-10 09:50:00
STAFF073,Dr./Nurse ENT_SUR_1,Surgeon,ENT,2026-09-10 10:00:00,2026-09-10 15:00:00,AVAILABLE,OT003,SURG026,2026-09-10 11:50:00
STAFF078,Dr./Nurse ENT_ANA_2,Anaesthetist,ENT,2026-09-10 10:00:00,2026-09-10 15:00:00,AVAILABLE,OT003,SURG026,2026-09-10 11:50:00
STAFF082,Dr./Nurse ENT_NUR_4,Nurse,ENT,2026-09-10 10:00:00,2026-09-10 15:00:00,AVAILABLE,OT003,SURG026,2026-09-10 11:50:00
STAFF083,Dr./Nurse ENT_TEC_1,Technician,ENT,2026-09-10 10:00:00,2026-09-10 15:00:00,AVAILABLE,OT003,SURG026,2026-09-10 11:50:00
STAFF074,Dr./Nurse ENT_SUR_2,Surgeon,ENT,2026-09-10 12:00:00,2026-09-10 17:30:00,AVAILABLE,OT003,SURG027,2026-09-10 13:50:00
STAFF078,Dr./Nurse ENT_ANA_2,Anaesthetist,ENT,2026-09-10 12:00:00,2026-09-10 17:30:00,AVAILABLE,OT003,SURG027,2026-09-10 13:50:00
STAFF080,Dr./Nurse ENT_NUR_2,Nurse,ENT,2026-09-10 12:00:00,2026-09-10 17:30:00,AVAILABLE,OT003,SURG027,2026-09-10 13:50:00
STAFF083,Dr./Nurse ENT_TEC_1,Technician,ENT,2026-09-10 12:00:00,2026-09-10 17:30:00,AVAILABLE,OT003,SURG027,2026-09-10 13:50:00
STAFF087,Dr./Nurse PLA_SUR_3,Surgeon,Plastic Surgery,2026-09-10 14:00:00,2026-09-10 19:30:00,AVAILABLE,OT001,SURG028,2026-09-10 15:50:00
STAFF089,Dr./Nurse PLA_ANA_1,Anaesthetist,Plastic Surgery,2026-09-10 14:00:00,2026-09-10 19:30:00,AVAILABLE,OT001,SURG028,2026-09-10 15:50:00
STAFF092,Dr./Nurse PLA_NUR_2,Nurse,Plastic Surgery,2026-09-10 14:00:00,2026-09-10 19:30:00,AVAILABLE,OT001,SURG028,2026-09-10 15:50:00
STAFF095,Dr./Nurse PLA_TEC_1,Technician,Plastic Surgery,2026-09-10 14:00:00,2026-09-10 19:30:00,AVAILABLE,OT001,SURG028,2026-09-10 15:50:00
STAFF064,Dr./Nurse OBS_SUR_4,Surgeon,Obstetrics & Gynaecology,2026-09-10 16:00:00,2026-09-10 21:00:00,AVAILABLE,OT007,SURG029,2026-09-10 17:50:00
STAFF066,Dr./Nurse OBS_ANA_2,Anaesthetist,Obstetrics & Gynaecology,2026-09-10 16:00:00,2026-09-10 21:00:00,AVAILABLE,OT007,SURG029,2026-09-10 17:50:00
STAFF067,Dr./Nurse OBS_NUR_1,Nurse,Obstetrics & Gynaecology,2026-09-10 16:00:00,2026-09-10 21:00:00,AVAILABLE,OT007,SURG029,2026-09-10 17:50:00
STAFF071,Dr./Nurse OBS_TEC_1,Technician,Obstetrics & Gynaecology,2026-09-10 16:00:00,2026-09-10 21:00:00,AVAILABLE,OT007,SURG029,2026-09-10 17:50:00
STAFF052,Dr./Nurse URO_SUR_4,Surgeon,Urology,2026-09-10 18:00:00,2026-09-10 23:00:00,AVAILABLE,OT003,SURG030,2026-09-10 19:50:00
STAFF053,Dr./Nurse URO_ANA_1,Anaesthetist,Urology,2026-09-10 18:00:00,2026-09-10 23:00:00,AVAILABLE,OT003,SURG030,2026-09-10 19:50:00
STAFF058,Dr./Nurse URO_NUR_4,Nurse,Urology,2026-09-10 18:00:00,2026-09-10 23:00:00,AVAILABLE,OT003,SURG030,2026-09-10 19:50:00
STAFF059,Dr./Nurse URO_TEC_1,Technician,Urology,2026-09-10 18:00:00,2026-09-10 23:00:00,AVAILABLE,OT003,SURG030,2026-09-10 19:50:00
STAFF076,Dr./Nurse ENT_SUR_4,Surgeon,ENT,2026-09-10 20:00:00,2026-09-11 03:00:00,AVAILABLE,OT001,SURG031,2026-09-10 21:50:00
STAFF077,Dr./Nurse ENT_ANA_1,Anaesthetist,ENT,2026-09-10 20:00:00,2026-09-11 03:00:00,AVAILABLE,OT001,SURG031,2026-09-10 21:50:00
STAFF081,Dr./Nurse ENT_NUR_3,Nurse,ENT,2026-09-10 20:00:00,2026-09-11 03:00:00,AVAILABLE,OT001,SURG031,2026-09-10 21:50:00
STAFF084,Dr./Nurse ENT_TEC_2,Technician,ENT,2026-09-10 20:00:00,2026-09-11 03:00:00,AVAILABLE,OT001,SURG031,2026-09-10 21:50:00
STAFF050,Dr./Nurse URO_SUR_2,Surgeon,Urology,2026-09-10 06:00:00,2026-09-10 12:00:00,AVAILABLE,OT005,SURG032,2026-09-10 07:50:00
STAFF054,Dr./Nurse URO_ANA_2,Anaesthetist,Urology,2026-09-10 06:00:00,2026-09-10 12:00:00,AVAILABLE,OT005,SURG032,2026-09-10 07:50:00
STAFF058,Dr./Nurse URO_NUR_4,Nurse,Urology,2026-09-10 06:00:00,2026-09-10 12:00:00,AVAILABLE,OT005,SURG032,2026-09-10 07:50:00
STAFF059,Dr./Nurse URO_TEC_1,Technician,Urology,2026-09-10 06:00:00,2026-09-10 12:00:00,AVAILABLE,OT005,SURG032,2026-09-10 07:50:00
STAFF004,Dr./Nurse ORT_SUR_4,Surgeon,Orthopaedics,2026-09-11 08:00:00,2026-09-11 14:00:00,AVAILABLE,OT007,SURG033,2026-09-11 09:50:00
STAFF005,Dr./Nurse ORT_ANA_1,Anaesthetist,Orthopaedics,2026-09-11 08:00:00,2026-09-11 14:00:00,AVAILABLE,OT007,SURG033,2026-09-11 09:50:00
STAFF007,Dr./Nurse ORT_NUR_1,Nurse,Orthopaedics,2026-09-11 08:00:00,2026-09-11 14:00:00,AVAILABLE,OT007,SURG033,2026-09-11 09:50:00
STAFF012,Dr./Nurse ORT_TEC_2,Technician,Orthopaedics,2026-09-11 08:00:00,2026-09-11 14:00:00,AVAILABLE,OT007,SURG033,2026-09-11 09:50:00
STAFF037,Dr./Nurse NEU_SUR_1,Surgeon,Neurology,2026-09-11 10:00:00,2026-09-11 15:30:00,AVAILABLE,OT002,SURG034,2026-09-11 11:50:00
STAFF041,Dr./Nurse NEU_ANA_1,Anaesthetist,Neurology,2026-09-11 10:00:00,2026-09-11 15:30:00,AVAILABLE,OT002,SURG034,2026-09-11 11:50:00
STAFF046,Dr./Nurse NEU_NUR_4,Nurse,Neurology,2026-09-11 10:00:00,2026-09-11 15:30:00,AVAILABLE,OT002,SURG034,2026-09-11 11:50:00
STAFF047,Dr./Nurse NEU_TEC_1,Technician,Neurology,2026-09-11 10:00:00,2026-09-11 15:30:00,AVAILABLE,OT002,SURG034,2026-09-11 11:50:00
STAFF037,Dr./Nurse NEU_SUR_1,Surgeon,Neurology,2026-09-11 12:00:00,2026-09-11 18:30:00,AVAILABLE,OT007,SURG035,2026-09-11 13:50:00
STAFF042,Dr./Nurse NEU_ANA_2,Anaesthetist,Neurology,2026-09-11 12:00:00,2026-09-11 18:30:00,AVAILABLE,OT007,SURG035,2026-09-11 13:50:00
STAFF044,Dr./Nurse NEU_NUR_2,Nurse,Neurology,2026-09-11 12:00:00,2026-09-11 18:30:00,AVAILABLE,OT007,SURG035,2026-09-11 13:50:00
STAFF047,Dr./Nurse NEU_TEC_1,Technician,Neurology,2026-09-11 12:00:00,2026-09-11 18:30:00,AVAILABLE,OT007,SURG035,2026-09-11 13:50:00
STAFF039,Dr./Nurse NEU_SUR_3,Surgeon,Neurology,2026-09-11 14:00:00,2026-09-11 20:30:00,AVAILABLE,OT001,SURG036,2026-09-11 15:50:00
STAFF042,Dr./Nurse NEU_ANA_2,Anaesthetist,Neurology,2026-09-11 14:00:00,2026-09-11 20:30:00,AVAILABLE,OT001,SURG036,2026-09-11 15:50:00
STAFF046,Dr./Nurse NEU_NUR_4,Nurse,Neurology,2026-09-11 14:00:00,2026-09-11 20:30:00,AVAILABLE,OT001,SURG036,2026-09-11 15:50:00
STAFF048,Dr./Nurse NEU_TEC_2,Technician,Neurology,2026-09-11 14:00:00,2026-09-11 20:30:00,AVAILABLE,OT001,SURG036,2026-09-11 15:50:00
STAFF086,Dr./Nurse PLA_SUR_2,Surgeon,Plastic Surgery,2026-09-11 16:00:00,2026-09-11 21:30:00,AVAILABLE,OT008,SURG037,2026-09-11 17:50:00
STAFF090,Dr./Nurse PLA_ANA_2,Anaesthetist,Plastic Surgery,2026-09-11 16:00:00,2026-09-11 21:30:00,AVAILABLE,OT008,SURG037,2026-09-11 17:50:00
STAFF094,Dr./Nurse PLA_NUR_4,Nurse,Plastic Surgery,2026-09-11 16:00:00,2026-09-11 21:30:00,AVAILABLE,OT008,SURG037,2026-09-11 17:50:00
STAFF095,Dr./Nurse PLA_TEC_1,Technician,Plastic Surgery,2026-09-11 16:00:00,2026-09-11 21:30:00,AVAILABLE,OT008,SURG037,2026-09-11 17:50:00
STAFF050,Dr./Nurse URO_SUR_2,Surgeon,Urology,2026-09-11 18:00:00,2026-09-12 00:00:00,AVAILABLE,OT004,SURG038,2026-09-11 19:50:00
STAFF053,Dr./Nurse URO_ANA_1,Anaesthetist,Urology,2026-09-11 18:00:00,2026-09-12 00:00:00,AVAILABLE,OT004,SURG038,2026-09-11 19:50:00
STAFF058,Dr./Nurse URO_NUR_4,Nurse,Urology,2026-09-11 18:00:00,2026-09-12 00:00:00,AVAILABLE,OT004,SURG038,2026-09-11 19:50:00
STAFF059,Dr./Nurse URO_TEC_1,Technician,Urology,2026-09-11 18:00:00,2026-09-12 00:00:00,AVAILABLE,OT004,SURG038,2026-09-11 19:50:00
STAFF074,Dr./Nurse ENT_SUR_2,Surgeon,ENT,2026-09-11 20:00:00,2026-09-12 02:00:00,AVAILABLE,OT002,SURG039,2026-09-11 21:50:00
STAFF078,Dr./Nurse ENT_ANA_2,Anaesthetist,ENT,2026-09-11 20:00:00,2026-09-12 02:00:00,AVAILABLE,OT002,SURG039,2026-09-11 21:50:00
STAFF082,Dr./Nurse ENT_NUR_4,Nurse,ENT,2026-09-11 20:00:00,2026-09-12 02:00:00,AVAILABLE,OT002,SURG039,2026-09-11 21:50:00
STAFF083,Dr./Nurse ENT_TEC_1,Technician,ENT,2026-09-11 20:00:00,2026-09-12 02:00:00,AVAILABLE,OT002,SURG039,2026-09-11 21:50:00
STAFF004,Dr./Nurse ORT_SUR_4,Surgeon,Orthopaedics,2026-09-11 06:00:00,2026-09-11 12:00:00,AVAILABLE,OT008,SURG040,2026-09-11 07:50:00
STAFF005,Dr./Nurse ORT_ANA_1,Anaesthetist,Orthopaedics,2026-09-11 06:00:00,2026-09-11 12:00:00,AVAILABLE,OT008,SURG040,2026-09-11 07:50:00
STAFF009,Dr./Nurse ORT_NUR_3,Nurse,Orthopaedics,2026-09-11 06:00:00,2026-09-11 12:00:00,AVAILABLE,OT008,SURG040,2026-09-11 07:50:00
STAFF012,Dr./Nurse ORT_TEC_2,Technician,Orthopaedics,2026-09-11 06:00:00,2026-09-11 12:00:00,AVAILABLE,OT008,SURG040,2026-09-11 07:50:00
STAFF073,Dr./Nurse ENT_SUR_1,Surgeon,ENT,2026-09-11 08:00:00,2026-09-11 14:30:00,AVAILABLE,OT001,SURG041,2026-09-11 09:50:00
STAFF078,Dr./Nurse ENT_ANA_2,Anaesthetist,ENT,2026-09-11 08:00:00,2026-09-11 14:30:00,AVAILABLE,OT001,SURG041,2026-09-11 09:50:00
STAFF079,Dr./Nurse ENT_NUR_1,Nurse,ENT,2026-09-11 08:00:00,2026-09-11 14:30:00,AVAILABLE,OT001,SURG041,2026-09-11 09:50:00
STAFF083,Dr./Nurse ENT_TEC_1,Technician,ENT,2026-09-11 08:00:00,2026-09-11 14:30:00,AVAILABLE,OT001,SURG041,2026-09-11 09:50:00
STAFF088,Dr./Nurse PLA_SUR_4,Surgeon,Plastic Surgery,2026-09-11 10:00:00,2026-09-11 15:00:00,STUCK_IN_TRAFFIC,OT003,SURG042,2026-09-11 11:50:00
STAFF090,Dr./Nurse PLA_ANA_2,Anaesthetist,Plastic Surgery,2026-09-11 10:00:00,2026-09-11 15:00:00,STUCK_IN_TRAFFIC,OT003,SURG042,2026-09-11 11:50:00
STAFF094,Dr./Nurse PLA_NUR_4,Nurse,Plastic Surgery,2026-09-11 10:00:00,2026-09-11 15:00:00,AVAILABLE,OT003,SURG042,2026-09-11 11:50:00
STAFF096,Dr./Nurse PLA_TEC_2,Technician,Plastic Surgery,2026-09-11 10:00:00,2026-09-11 15:00:00,AVAILABLE,OT003,SURG042,2026-09-11 11:50:00
STAFF037,Dr./Nurse NEU_SUR_1,Surgeon,Neurology,2026-09-11 12:00:00,2026-09-11 17:00:00,AVAILABLE,OT006,SURG043,2026-09-11 13:50:00
STAFF041,Dr./Nurse NEU_ANA_1,Anaesthetist,Neurology,2026-09-11 12:00:00,2026-09-11 17:00:00,AVAILABLE,OT006,SURG043,2026-09-11 13:50:00
STAFF044,Dr./Nurse NEU_NUR_2,Nurse,Neurology,2026-09-11 12:00:00,2026-09-11 17:00:00,AVAILABLE,OT006,SURG043,2026-09-11 13:50:00
STAFF047,Dr./Nurse NEU_TEC_1,Technician,Neurology,2026-09-11 12:00:00,2026-09-11 17:00:00,AVAILABLE,OT006,SURG043,2026-09-11 13:50:00
STAFF038,Dr./Nurse NEU_SUR_2,Surgeon,Neurology,2026-09-11 14:00:00,2026-09-11 20:00:00,AVAILABLE,OT002,SURG044,2026-09-11 15:50:00
STAFF042,Dr./Nurse NEU_ANA_2,Anaesthetist,Neurology,2026-09-11 14:00:00,2026-09-11 20:00:00,AVAILABLE,OT002,SURG044,2026-09-11 15:50:00
STAFF043,Dr./Nurse NEU_NUR_1,Nurse,Neurology,2026-09-11 14:00:00,2026-09-11 20:00:00,AVAILABLE,OT002,SURG044,2026-09-11 15:50:00
STAFF047,Dr./Nurse NEU_TEC_1,Technician,Neurology,2026-09-11 14:00:00,2026-09-11 20:00:00,AVAILABLE,OT002,SURG044,2026-09-11 15:50:00
STAFF075,Dr./Nurse ENT_SUR_3,Surgeon,ENT,2026-09-11 16:00:00,2026-09-11 21:00:00,AVAILABLE,OT007,SURG045,2026-09-11 17:50:00
STAFF077,Dr./Nurse ENT_ANA_1,Anaesthetist,ENT,2026-09-11 16:00:00,2026-09-11 21:00:00,AVAILABLE,OT007,SURG045,2026-09-11 17:50:00
STAFF079,Dr./Nurse ENT_NUR_1,Nurse,ENT,2026-09-11 16:00:00,2026-09-11 21:00:00,AVAILABLE,OT007,SURG045,2026-09-11 17:50:00
STAFF084,Dr./Nurse ENT_TEC_2,Technician,ENT,2026-09-11 16:00:00,2026-09-11 21:00:00,AVAILABLE,OT007,SURG045,2026-09-11 17:50:00
STAFF016,Dr./Nurse CAR_SUR_4,Surgeon,Cardiology,2026-09-11 18:00:00,2026-09-11 23:00:00,AVAILABLE,OT006,SURG046,2026-09-11 19:50:00
STAFF018,Dr./Nurse CAR_ANA_2,Anaesthetist,Cardiology,2026-09-11 18:00:00,2026-09-11 23:00:00,AVAILABLE,OT006,SURG046,2026-09-11 19:50:00
STAFF022,Dr./Nurse CAR_NUR_4,Nurse,Cardiology,2026-09-11 18:00:00,2026-09-11 23:00:00,AVAILABLE,OT006,SURG046,2026-09-11 19:50:00
STAFF023,Dr./Nurse CAR_TEC_1,Technician,Cardiology,2026-09-11 18:00:00,2026-09-11 23:00:00,AVAILABLE,OT006,SURG046,2026-09-11 19:50:00
STAFF050,Dr./Nurse URO_SUR_2,Surgeon,Urology,2026-09-11 20:00:00,2026-09-12 02:30:00,AVAILABLE,OT003,SURG047,2026-09-11 21:50:00
STAFF053,Dr./Nurse URO_ANA_1,Anaesthetist,Urology,2026-09-11 20:00:00,2026-09-12 02:30:00,AVAILABLE,OT003,SURG047,2026-09-11 21:50:00
STAFF057,Dr./Nurse URO_NUR_3,Nurse,Urology,2026-09-11 20:00:00,2026-09-12 02:30:00,AVAILABLE,OT003,SURG047,2026-09-11 21:50:00
STAFF060,Dr./Nurse URO_TEC_2,Technician,Urology,2026-09-11 20:00:00,2026-09-12 02:30:00,AVAILABLE,OT003,SURG047,2026-09-11 21:50:00
STAFF076,Dr./Nurse ENT_SUR_4,Surgeon,ENT,2026-09-11 06:00:00,2026-09-11 11:00:00,AVAILABLE,OT008,SURG048,2026-09-11 07:50:00
STAFF077,Dr./Nurse ENT_ANA_1,Anaesthetist,ENT,2026-09-11 06:00:00,2026-09-11 11:00:00,AVAILABLE,OT008,SURG048,2026-09-11 07:50:00
STAFF081,Dr./Nurse ENT_NUR_3,Nurse,ENT,2026-09-11 06:00:00,2026-09-11 11:00:00,AVAILABLE,OT008,SURG048,2026-09-11 07:50:00
STAFF084,Dr./Nurse ENT_TEC_2,Technician,ENT,2026-09-11 06:00:00,2026-09-11 11:00:00,AVAILABLE,OT008,SURG048,2026-09-11 07:50:00
STAFF052,Dr./Nurse URO_SUR_4,Surgeon,Urology,2026-09-11 08:00:00,2026-09-11 15:00:00,AVAILABLE,OT005,SURG049,2026-09-11 09:50:00
STAFF054,Dr./Nurse URO_ANA_2,Anaesthetist,Urology,2026-09-11 08:00:00,2026-09-11 15:00:00,AVAILABLE,OT005,SURG049,2026-09-11 09:50:00
STAFF056,Dr./Nurse URO_NUR_2,Nurse,Urology,2026-09-11 08:00:00,2026-09-11 15:00:00,AVAILABLE,OT005,SURG049,2026-09-11 09:50:00
STAFF060,Dr./Nurse URO_TEC_2,Technician,Urology,2026-09-11 08:00:00,2026-09-11 15:00:00,AVAILABLE,OT005,SURG049,2026-09-11 09:50:00
STAFF004,Dr./Nurse ORT_SUR_4,Surgeon,Orthopaedics,2026-09-11 10:00:00,2026-09-11 16:00:00,AVAILABLE,OT008,SURG050,2026-09-11 11:50:00
STAFF006,Dr./Nurse ORT_ANA_2,Anaesthetist,Orthopaedics,2026-09-11 10:00:00,2026-09-11 16:00:00,AVAILABLE,OT008,SURG050,2026-09-11 11:50:00
STAFF009,Dr./Nurse ORT_NUR_3,Nurse,Orthopaedics,2026-09-11 10:00:00,2026-09-11 16:00:00,AVAILABLE,OT008,SURG050,2026-09-11 11:50:00
STAFF012,Dr./Nurse ORT_TEC_2,Technician,Orthopaedics,2026-09-11 10:00:00,2026-09-11 16:00:00,AVAILABLE,OT008,SURG050,2026-09-11 11:50:00
STAFF062,Dr./Nurse OBS_SUR_2,Surgeon,Obstetrics & Gynaecology,2026-09-11 12:00:00,2026-09-11 19:00:00,AVAILABLE,OT004,SURG051,2026-09-11 13:50:00
STAFF066,Dr./Nurse OBS_ANA_2,Anaesthetist,Obstetrics & Gynaecology,2026-09-11 12:00:00,2026-09-11 19:00:00,AVAILABLE,OT004,SURG051,2026-09-11 13:50:00
STAFF069,Dr./Nurse OBS_NUR_3,Nurse,Obstetrics & Gynaecology,2026-09-11 12:00:00,2026-09-11 19:00:00,AVAILABLE,OT004,SURG051,2026-09-11 13:50:00
STAFF072,Dr./Nurse OBS_TEC_2,Technician,Obstetrics & Gynaecology,2026-09-11 12:00:00,2026-09-11 19:00:00,AVAILABLE,OT004,SURG051,2026-09-11 13:50:00
STAFF050,Dr./Nurse URO_SUR_2,Surgeon,Urology,2026-09-11 14:00:00,2026-09-11 20:00:00,AVAILABLE,OT004,SURG052,2026-09-11 15:50:00
STAFF054,Dr./Nurse URO_ANA_2,Anaesthetist,Urology,2026-09-11 14:00:00,2026-09-11 20:00:00,AVAILABLE,OT004,SURG052,2026-09-11 15:50:00
STAFF055,Dr./Nurse URO_NUR_1,Nurse,Urology,2026-09-11 14:00:00,2026-09-11 20:00:00,AVAILABLE,OT004,SURG052,2026-09-11 15:50:00
STAFF059,Dr./Nurse URO_TEC_1,Technician,Urology,2026-09-11 14:00:00,2026-09-11 20:00:00,AVAILABLE,OT004,SURG052,2026-09-11 15:50:00
STAFF088,Dr./Nurse PLA_SUR_4,Surgeon,Plastic Surgery,2026-09-11 16:00:00,2026-09-11 21:00:00,AVAILABLE,OT003,SURG053,2026-09-11 17:50:00
STAFF090,Dr./Nurse PLA_ANA_2,Anaesthetist,Plastic Surgery,2026-09-11 16:00:00,2026-09-11 21:00:00,AVAILABLE,OT003,SURG053,2026-09-11 17:50:00
STAFF092,Dr./Nurse PLA_NUR_2,Nurse,Plastic Surgery,2026-09-11 16:00:00,2026-09-11 21:00:00,AVAILABLE,OT003,SURG053,2026-09-11 17:50:00
STAFF095,Dr./Nurse PLA_TEC_1,Technician,Plastic Surgery,2026-09-11 16:00:00,2026-09-11 21:00:00,AVAILABLE,OT003,SURG053,2026-09-11 17:50:00
STAFF014,Dr./Nurse CAR_SUR_2,Surgeon,Cardiology,2026-09-11 18:00:00,2026-09-12 00:30:00,AVAILABLE,OT008,SURG054,2026-09-11 19:50:00
STAFF018,Dr./Nurse CAR_ANA_2,Anaesthetist,Cardiology,2026-09-11 18:00:00,2026-09-12 00:30:00,AVAILABLE,OT008,SURG054,2026-09-11 19:50:00
STAFF019,Dr./Nurse CAR_NUR_1,Nurse,Cardiology,2026-09-11 18:00:00,2026-09-12 00:30:00,AVAILABLE,OT008,SURG054,2026-09-11 19:50:00
STAFF023,Dr./Nurse CAR_TEC_1,Technician,Cardiology,2026-09-11 18:00:00,2026-09-12 00:30:00,AVAILABLE,OT008,SURG054,2026-09-11 19:50:00
STAFF039,Dr./Nurse NEU_SUR_3,Surgeon,Neurology,2026-09-11 20:00:00,2026-09-12 02:30:00,AVAILABLE,OT007,SURG055,2026-09-11 21:50:00
STAFF041,Dr./Nurse NEU_ANA_1,Anaesthetist,Neurology,2026-09-11 20:00:00,2026-09-12 02:30:00,AVAILABLE,OT007,SURG055,2026-09-11 21:50:00
STAFF043,Dr./Nurse NEU_NUR_1,Nurse,Neurology,2026-09-11 20:00:00,2026-09-12 02:30:00,AVAILABLE,OT007,SURG055,2026-09-11 21:50:00
STAFF047,Dr./Nurse NEU_TEC_1,Technician,Neurology,2026-09-11 20:00:00,2026-09-12 02:30:00,AVAILABLE,OT007,SURG055,2026-09-11 21:50:00
STAFF016,Dr./Nurse CAR_SUR_4,Surgeon,Cardiology,2026-09-11 06:00:00,2026-09-11 11:30:00,DELAYED_IN_PREV_SURGERY,OT005,SURG056,2026-09-11 06:55:00
STAFF018,Dr./Nurse CAR_ANA_2,Anaesthetist,Cardiology,2026-09-11 06:00:00,2026-09-11 11:30:00,DELAYED_IN_PREV_SURGERY,OT005,SURG056,2026-09-11 06:55:00
STAFF019,Dr./Nurse CAR_NUR_1,Nurse,Cardiology,2026-09-11 06:00:00,2026-09-11 11:30:00,AVAILABLE,OT005,SURG056,2026-09-11 06:55:00
STAFF023,Dr./Nurse CAR_TEC_1,Technician,Cardiology,2026-09-11 06:00:00,2026-09-11 11:30:00,AVAILABLE,OT005,SURG056,2026-09-11 06:55:00
STAFF037,Dr./Nurse NEU_SUR_1,Surgeon,Neurology,2026-09-11 08:00:00,2026-09-11 15:00:00,AVAILABLE,OT002,SURG057,2026-09-11 09:50:00
STAFF041,Dr./Nurse NEU_ANA_1,Anaesthetist,Neurology,2026-09-11 08:00:00,2026-09-11 15:00:00,AVAILABLE,OT002,SURG057,2026-09-11 09:50:00
STAFF044,Dr./Nurse NEU_NUR_2,Nurse,Neurology,2026-09-11 08:00:00,2026-09-11 15:00:00,AVAILABLE,OT002,SURG057,2026-09-11 09:50:00
STAFF048,Dr./Nurse NEU_TEC_2,Technician,Neurology,2026-09-11 08:00:00,2026-09-11 15:00:00,AVAILABLE,OT002,SURG057,2026-09-11 09:50:00
STAFF001,Dr./Nurse ORT_SUR_1,Surgeon,Orthopaedics,2026-09-11 10:00:00,2026-09-11 16:00:00,AVAILABLE,OT002,SURG058,2026-09-11 11:50:00
STAFF006,Dr./Nurse ORT_ANA_2,Anaesthetist,Orthopaedics,2026-09-11 10:00:00,2026-09-11 16:00:00,AVAILABLE,OT002,SURG058,2026-09-11 11:50:00
STAFF009,Dr./Nurse ORT_NUR_3,Nurse,Orthopaedics,2026-09-11 10:00:00,2026-09-11 16:00:00,AVAILABLE,OT002,SURG058,2026-09-11 11:50:00
STAFF012,Dr./Nurse ORT_TEC_2,Technician,Orthopaedics,2026-09-11 10:00:00,2026-09-11 16:00:00,AVAILABLE,OT002,SURG058,2026-09-11 11:50:00
STAFF087,Dr./Nurse PLA_SUR_3,Surgeon,Plastic Surgery,2026-09-11 12:00:00,2026-09-11 19:00:00,AVAILABLE,OT008,SURG059,2026-09-11 13:50:00
STAFF089,Dr./Nurse PLA_ANA_1,Anaesthetist,Plastic Surgery,2026-09-11 12:00:00,2026-09-11 19:00:00,AVAILABLE,OT008,SURG059,2026-09-11 13:50:00
STAFF091,Dr./Nurse PLA_NUR_1,Nurse,Plastic Surgery,2026-09-11 12:00:00,2026-09-11 19:00:00,AVAILABLE,OT008,SURG059,2026-09-11 13:50:00
STAFF095,Dr./Nurse PLA_TEC_1,Technician,Plastic Surgery,2026-09-11 12:00:00,2026-09-11 19:00:00,AVAILABLE,OT008,SURG059,2026-09-11 13:50:00
STAFF002,Dr./Nurse ORT_SUR_2,Surgeon,Orthopaedics,2026-09-11 14:00:00,2026-09-11 20:30:00,AVAILABLE,OT005,SURG060,2026-09-11 15:50:00
STAFF006,Dr./Nurse ORT_ANA_2,Anaesthetist,Orthopaedics,2026-09-11 14:00:00,2026-09-11 20:30:00,AVAILABLE,OT005,SURG060,2026-09-11 15:50:00
STAFF010,Dr./Nurse ORT_NUR_4,Nurse,Orthopaedics,2026-09-11 14:00:00,2026-09-11 20:30:00,AVAILABLE,OT005,SURG060,2026-09-11 15:50:00
STAFF011,Dr./Nurse ORT_TEC_1,Technician,Orthopaedics,2026-09-11 14:00:00,2026-09-11 20:30:00,AVAILABLE,OT005,SURG060,2026-09-11 15:50:00
STAFF076,Dr./Nurse ENT_SUR_4,Surgeon,ENT,2026-09-11 16:00:00,2026-09-11 22:00:00,AVAILABLE,OT006,SURG061,2026-09-11 17:50:00
STAFF078,Dr./Nurse ENT_ANA_2,Anaesthetist,ENT,2026-09-11 16:00:00,2026-09-11 22:00:00,AVAILABLE,OT006,SURG061,2026-09-11 17:50:00
STAFF081,Dr./Nurse ENT_NUR_3,Nurse,ENT,2026-09-11 16:00:00,2026-09-11 22:00:00,AVAILABLE,OT006,SURG061,2026-09-11 17:50:00
STAFF084,Dr./Nurse ENT_TEC_2,Technician,ENT,2026-09-11 16:00:00,2026-09-11 22:00:00,AVAILABLE,OT006,SURG061,2026-09-11 17:50:00
STAFF016,Dr./Nurse CAR_SUR_4,Surgeon,Cardiology,2026-09-11 18:00:00,2026-09-12 00:00:00,AVAILABLE,OT008,SURG062,2026-09-11 19:50:00
STAFF018,Dr./Nurse CAR_ANA_2,Anaesthetist,Cardiology,2026-09-11 18:00:00,2026-09-12 00:00:00,AVAILABLE,OT008,SURG062,2026-09-11 19:50:00
STAFF019,Dr./Nurse CAR_NUR_1,Nurse,Cardiology,2026-09-11 18:00:00,2026-09-12 00:00:00,AVAILABLE,OT008,SURG062,2026-09-11 19:50:00
STAFF023,Dr./Nurse CAR_TEC_1,Technician,Cardiology,2026-09-11 18:00:00,2026-09-12 00:00:00,AVAILABLE,OT008,SURG062,2026-09-11 19:50:00
STAFF085,Dr./Nurse PLA_SUR_1,Surgeon,Plastic Surgery,2026-09-11 20:00:00,2026-09-12 01:30:00,AVAILABLE,OT008,SURG063,2026-09-11 21:50:00
STAFF089,Dr./Nurse PLA_ANA_1,Anaesthetist,Plastic Surgery,2026-09-11 20:00:00,2026-09-12 01:30:00,AVAILABLE,OT008,SURG063,2026-09-11 21:50:00
STAFF092,Dr./Nurse PLA_NUR_2,Nurse,Plastic Surgery,2026-09-11 20:00:00,2026-09-12 01:30:00,AVAILABLE,OT008,SURG063,2026-09-11 21:50:00
STAFF095,Dr./Nurse PLA_TEC_1,Technician,Plastic Surgery,2026-09-11 20:00:00,2026-09-12 01:30:00,AVAILABLE,OT008,SURG063,2026-09-11 21:50:00
STAFF039,Dr./Nurse NEU_SUR_3,Surgeon,Neurology,2026-09-11 06:00:00,2026-09-11 12:30:00,AVAILABLE,OT002,SURG064,2026-09-11 07:50:00
STAFF042,Dr./Nurse NEU_ANA_2,Anaesthetist,Neurology,2026-09-11 06:00:00,2026-09-11 12:30:00,AVAILABLE,OT002,SURG064,2026-09-11 07:50:00
STAFF046,Dr./Nurse NEU_NUR_4,Nurse,Neurology,2026-09-11 06:00:00,2026-09-11 12:30:00,AVAILABLE,OT002,SURG064,2026-09-11 07:50:00
STAFF048,Dr./Nurse NEU_TEC_2,Technician,Neurology,2026-09-11 06:00:00,2026-09-11 12:30:00,AVAILABLE,OT002,SURG064,2026-09-11 07:50:00
STAFF088,Dr./Nurse PLA_SUR_4,Surgeon,Plastic Surgery,2026-09-12 08:00:00,2026-09-12 14:30:00,AVAILABLE,OT004,SURG065,2026-09-12 08:55:00
STAFF090,Dr./Nurse PLA_ANA_2,Anaesthetist,Plastic Surgery,2026-09-12 08:00:00,2026-09-12 14:30:00,AVAILABLE,OT004,SURG065,2026-09-12 08:55:00
STAFF093,Dr./Nurse PLA_NUR_3,Nurse,Plastic Surgery,2026-09-12 08:00:00,2026-09-12 14:30:00,AVAILABLE,OT004,SURG065,2026-09-12 08:55:00
STAFF095,Dr./Nurse PLA_TEC_1,Technician,Plastic Surgery,2026-09-12 08:00:00,2026-09-12 14:30:00,AVAILABLE,OT004,SURG065,2026-09-12 08:55:00
STAFF087,Dr./Nurse PLA_SUR_3,Surgeon,Plastic Surgery,2026-09-12 10:00:00,2026-09-12 16:00:00,AVAILABLE,OT003,SURG066,2026-09-12 11:50:00
STAFF089,Dr./Nurse PLA_ANA_1,Anaesthetist,Plastic Surgery,2026-09-12 10:00:00,2026-09-12 16:00:00,AVAILABLE,OT003,SURG066,2026-09-12 11:50:00
STAFF092,Dr./Nurse PLA_NUR_2,Nurse,Plastic Surgery,2026-09-12 10:00:00,2026-09-12 16:00:00,AVAILABLE,OT003,SURG066,2026-09-12 11:50:00
STAFF096,Dr./Nurse PLA_TEC_2,Technician,Plastic Surgery,2026-09-12 10:00:00,2026-09-12 16:00:00,AVAILABLE,OT003,SURG066,2026-09-12 11:50:00
STAFF002,Dr./Nurse ORT_SUR_2,Surgeon,Orthopaedics,2026-09-12 12:00:00,2026-09-12 18:30:00,AVAILABLE,OT007,SURG067,2026-09-12 13:50:00
STAFF006,Dr./Nurse ORT_ANA_2,Anaesthetist,Orthopaedics,2026-09-12 12:00:00,2026-09-12 18:30:00,AVAILABLE,OT007,SURG067,2026-09-12 13:50:00
STAFF007,Dr./Nurse ORT_NUR_1,Nurse,Orthopaedics,2026-09-12 12:00:00,2026-09-12 18:30:00,AVAILABLE,OT007,SURG067,2026-09-12 13:50:00
STAFF011,Dr./Nurse ORT_TEC_1,Technician,Orthopaedics,2026-09-12 12:00:00,2026-09-12 18:30:00,AVAILABLE,OT007,SURG067,2026-09-12 13:50:00
STAFF088,Dr./Nurse PLA_SUR_4,Surgeon,Plastic Surgery,2026-09-12 14:00:00,2026-09-12 21:00:00,AVAILABLE,OT002,SURG068,2026-09-12 15:50:00
STAFF089,Dr./Nurse PLA_ANA_1,Anaesthetist,Plastic Surgery,2026-09-12 14:00:00,2026-09-12 21:00:00,AVAILABLE,OT002,SURG068,2026-09-12 15:50:00
STAFF091,Dr./Nurse PLA_NUR_1,Nurse,Plastic Surgery,2026-09-12 14:00:00,2026-09-12 21:00:00,AVAILABLE,OT002,SURG068,2026-09-12 15:50:00
STAFF096,Dr./Nurse PLA_TEC_2,Technician,Plastic Surgery,2026-09-12 14:00:00,2026-09-12 21:00:00,AVAILABLE,OT002,SURG068,2026-09-12 15:50:00
STAFF076,Dr./Nurse ENT_SUR_4,Surgeon,ENT,2026-09-12 16:00:00,2026-09-12 22:00:00,AVAILABLE,OT006,SURG069,2026-09-12 17:50:00
STAFF077,Dr./Nurse ENT_ANA_1,Anaesthetist,ENT,2026-09-12 16:00:00,2026-09-12 22:00:00,AVAILABLE,OT006,SURG069,2026-09-12 17:50:00
STAFF079,Dr./Nurse ENT_NUR_1,Nurse,ENT,2026-09-12 16:00:00,2026-09-12 22:00:00,AVAILABLE,OT006,SURG069,2026-09-12 17:50:00
STAFF083,Dr./Nurse ENT_TEC_1,Technician,ENT,2026-09-12 16:00:00,2026-09-12 22:00:00,AVAILABLE,OT006,SURG069,2026-09-12 17:50:00
STAFF014,Dr./Nurse CAR_SUR_2,Surgeon,Cardiology,2026-09-12 18:00:00,2026-09-12 23:00:00,AVAILABLE,OT004,SURG070,2026-09-12 19:50:00
STAFF018,Dr./Nurse CAR_ANA_2,Anaesthetist,Cardiology,2026-09-12 18:00:00,2026-09-12 23:00:00,AVAILABLE,OT004,SURG070,2026-09-12 19:50:00
STAFF019,Dr./Nurse CAR_NUR_1,Nurse,Cardiology,2026-09-12 18:00:00,2026-09-12 23:00:00,AVAILABLE,OT004,SURG070,2026-09-12 19:50:00
STAFF023,Dr./Nurse CAR_TEC_1,Technician,Cardiology,2026-09-12 18:00:00,2026-09-12 23:00:00,AVAILABLE,OT004,SURG070,2026-09-12 19:50:00
STAFF050,Dr./Nurse URO_SUR_2,Surgeon,Urology,2026-09-12 20:00:00,2026-09-13 02:00:00,AVAILABLE,OT001,SURG071,2026-09-12 21:50:00
STAFF053,Dr./Nurse URO_ANA_1,Anaesthetist,Urology,2026-09-12 20:00:00,2026-09-13 02:00:00,AVAILABLE,OT001,SURG071,2026-09-12 21:50:00
STAFF056,Dr./Nurse URO_NUR_2,Nurse,Urology,2026-09-12 20:00:00,2026-09-13 02:00:00,AVAILABLE,OT001,SURG071,2026-09-12 21:50:00
STAFF059,Dr./Nurse URO_TEC_1,Technician,Urology,2026-09-12 20:00:00,2026-09-13 02:00:00,AVAILABLE,OT001,SURG071,2026-09-12 21:50:00
STAFF087,Dr./Nurse PLA_SUR_3,Surgeon,Plastic Surgery,2026-09-12 06:00:00,2026-09-12 11:30:00,AVAILABLE,OT004,SURG072,2026-09-12 07:50:00
STAFF089,Dr./Nurse PLA_ANA_1,Anaesthetist,Plastic Surgery,2026-09-12 06:00:00,2026-09-12 11:30:00,AVAILABLE,OT004,SURG072,2026-09-12 07:50:00
STAFF094,Dr./Nurse PLA_NUR_4,Nurse,Plastic Surgery,2026-09-12 06:00:00,2026-09-12 11:30:00,AVAILABLE,OT004,SURG072,2026-09-12 07:50:00
STAFF096,Dr./Nurse PLA_TEC_2,Technician,Plastic Surgery,2026-09-12 06:00:00,2026-09-12 11:30:00,AVAILABLE,OT004,SURG072,2026-09-12 07:50:00
STAFF088,Dr./Nurse PLA_SUR_4,Surgeon,Plastic Surgery,2026-09-12 08:00:00,2026-09-12 15:00:00,AVAILABLE,OT002,SURG073,2026-09-12 09:50:00
STAFF090,Dr./Nurse PLA_ANA_2,Anaesthetist,Plastic Surgery,2026-09-12 08:00:00,2026-09-12 15:00:00,AVAILABLE,OT002,SURG073,2026-09-12 09:50:00
STAFF092,Dr./Nurse PLA_NUR_2,Nurse,Plastic Surgery,2026-09-12 08:00:00,2026-09-12 15:00:00,AVAILABLE,OT002,SURG073,2026-09-12 09:50:00
STAFF096,Dr./Nurse PLA_TEC_2,Technician,Plastic Surgery,2026-09-12 08:00:00,2026-09-12 15:00:00,AVAILABLE,OT002,SURG073,2026-09-12 09:50:00
STAFF037,Dr./Nurse NEU_SUR_1,Surgeon,Neurology,2026-09-12 10:00:00,2026-09-12 17:00:00,AVAILABLE,OT002,SURG074,2026-09-12 11:50:00
STAFF042,Dr./Nurse NEU_ANA_2,Anaesthetist,Neurology,2026-09-12 10:00:00,2026-09-12 17:00:00,AVAILABLE,OT002,SURG074,2026-09-12 11:50:00
STAFF045,Dr./Nurse NEU_NUR_3,Nurse,Neurology,2026-09-12 10:00:00,2026-09-12 17:00:00,AVAILABLE,OT002,SURG074,2026-09-12 11:50:00
STAFF047,Dr./Nurse NEU_TEC_1,Technician,Neurology,2026-09-12 10:00:00,2026-09-12 17:00:00,AVAILABLE,OT002,SURG074,2026-09-12 11:50:00
STAFF051,Dr./Nurse URO_SUR_3,Surgeon,Urology,2026-09-12 12:00:00,2026-09-12 19:00:00,AVAILABLE,OT008,SURG075,2026-09-12 13:50:00
STAFF053,Dr./Nurse URO_ANA_1,Anaesthetist,Urology,2026-09-12 12:00:00,2026-09-12 19:00:00,AVAILABLE,OT008,SURG075,2026-09-12 13:50:00
STAFF055,Dr./Nurse URO_NUR_1,Nurse,Urology,2026-09-12 12:00:00,2026-09-12 19:00:00,AVAILABLE,OT008,SURG075,2026-09-12 13:50:00
STAFF059,Dr./Nurse URO_TEC_1,Technician,Urology,2026-09-12 12:00:00,2026-09-12 19:00:00,AVAILABLE,OT008,SURG075,2026-09-12 13:50:00
STAFF002,Dr./Nurse ORT_SUR_2,Surgeon,Orthopaedics,2026-09-12 14:00:00,2026-09-12 19:30:00,AVAILABLE,OT008,SURG076,2026-09-12 15:50:00
STAFF006,Dr./Nurse ORT_ANA_2,Anaesthetist,Orthopaedics,2026-09-12 14:00:00,2026-09-12 19:30:00,AVAILABLE,OT008,SURG076,2026-09-12 15:50:00
STAFF009,Dr./Nurse ORT_NUR_3,Nurse,Orthopaedics,2026-09-12 14:00:00,2026-09-12 19:30:00,AVAILABLE,OT008,SURG076,2026-09-12 15:50:00
STAFF011,Dr./Nurse ORT_TEC_1,Technician,Orthopaedics,2026-09-12 14:00:00,2026-09-12 19:30:00,AVAILABLE,OT008,SURG076,2026-09-12 15:50:00
STAFF064,Dr./Nurse OBS_SUR_4,Surgeon,Obstetrics & Gynaecology,2026-09-12 16:00:00,2026-09-12 22:30:00,AVAILABLE,OT005,SURG077,2026-09-12 17:50:00
STAFF066,Dr./Nurse OBS_ANA_2,Anaesthetist,Obstetrics & Gynaecology,2026-09-12 16:00:00,2026-09-12 22:30:00,AVAILABLE,OT005,SURG077,2026-09-12 17:50:00
STAFF067,Dr./Nurse OBS_NUR_1,Nurse,Obstetrics & Gynaecology,2026-09-12 16:00:00,2026-09-12 22:30:00,AVAILABLE,OT005,SURG077,2026-09-12 17:50:00
STAFF072,Dr./Nurse OBS_TEC_2,Technician,Obstetrics & Gynaecology,2026-09-12 16:00:00,2026-09-12 22:30:00,AVAILABLE,OT005,SURG077,2026-09-12 17:50:00
STAFF015,Dr./Nurse CAR_SUR_3,Surgeon,Cardiology,2026-09-12 18:00:00,2026-09-13 00:00:00,AVAILABLE,OT005,SURG078,2026-09-12 19:50:00
STAFF017,Dr./Nurse CAR_ANA_1,Anaesthetist,Cardiology,2026-09-12 18:00:00,2026-09-13 00:00:00,AVAILABLE,OT005,SURG078,2026-09-12 19:50:00
STAFF020,Dr./Nurse CAR_NUR_2,Nurse,Cardiology,2026-09-12 18:00:00,2026-09-13 00:00:00,AVAILABLE,OT005,SURG078,2026-09-12 19:50:00
STAFF024,Dr./Nurse CAR_TEC_2,Technician,Cardiology,2026-09-12 18:00:00,2026-09-13 00:00:00,AVAILABLE,OT005,SURG078,2026-09-12 19:50:00
STAFF037,Dr./Nurse NEU_SUR_1,Surgeon,Neurology,2026-09-12 20:00:00,2026-09-13 02:30:00,AVAILABLE,OT006,SURG079,2026-09-12 21:50:00
STAFF041,Dr./Nurse NEU_ANA_1,Anaesthetist,Neurology,2026-09-12 20:00:00,2026-09-13 02:30:00,AVAILABLE,OT006,SURG079,2026-09-12 21:50:00
STAFF043,Dr./Nurse NEU_NUR_1,Nurse,Neurology,2026-09-12 20:00:00,2026-09-13 02:30:00,AVAILABLE,OT006,SURG079,2026-09-12 21:50:00
STAFF047,Dr./Nurse NEU_TEC_1,Technician,Neurology,2026-09-12 20:00:00,2026-09-13 02:30:00,AVAILABLE,OT006,SURG079,2026-09-12 21:50:00
STAFF016,Dr./Nurse CAR_SUR_4,Surgeon,Cardiology,2026-09-12 06:00:00,2026-09-12 11:30:00,AVAILABLE,OT008,SURG080,2026-09-12 07:50:00
STAFF018,Dr./Nurse CAR_ANA_2,Anaesthetist,Cardiology,2026-09-12 06:00:00,2026-09-12 11:30:00,AVAILABLE,OT008,SURG080,2026-09-12 07:50:00
STAFF022,Dr./Nurse CAR_NUR_4,Nurse,Cardiology,2026-09-12 06:00:00,2026-09-12 11:30:00,AVAILABLE,OT008,SURG080,2026-09-12 07:50:00
STAFF023,Dr./Nurse CAR_TEC_1,Technician,Cardiology,2026-09-12 06:00:00,2026-09-12 11:30:00,AVAILABLE,OT008,SURG080,2026-09-12 07:50:00
STAFF087,Dr./Nurse PLA_SUR_3,Surgeon,Plastic Surgery,2026-09-12 08:00:00,2026-09-12 14:00:00,STUCK_IN_TRAFFIC,OT002,SURG081,2026-09-12 08:55:00
STAFF089,Dr./Nurse PLA_ANA_1,Anaesthetist,Plastic Surgery,2026-09-12 08:00:00,2026-09-12 14:00:00,STUCK_IN_TRAFFIC,OT002,SURG081,2026-09-12 08:55:00
STAFF093,Dr./Nurse PLA_NUR_3,Nurse,Plastic Surgery,2026-09-12 08:00:00,2026-09-12 14:00:00,AVAILABLE,OT002,SURG081,2026-09-12 08:55:00
STAFF096,Dr./Nurse PLA_TEC_2,Technician,Plastic Surgery,2026-09-12 08:00:00,2026-09-12 14:00:00,AVAILABLE,OT002,SURG081,2026-09-12 08:55:00
STAFF014,Dr./Nurse CAR_SUR_2,Surgeon,Cardiology,2026-09-12 10:00:00,2026-09-12 17:00:00,AVAILABLE,OT008,SURG082,2026-09-12 11:50:00
STAFF017,Dr./Nurse CAR_ANA_1,Anaesthetist,Cardiology,2026-09-12 10:00:00,2026-09-12 17:00:00,AVAILABLE,OT008,SURG082,2026-09-12 11:50:00
STAFF020,Dr./Nurse CAR_NUR_2,Nurse,Cardiology,2026-09-12 10:00:00,2026-09-12 17:00:00,AVAILABLE,OT008,SURG082,2026-09-12 11:50:00
STAFF023,Dr./Nurse CAR_TEC_1,Technician,Cardiology,2026-09-12 10:00:00,2026-09-12 17:00:00,AVAILABLE,OT008,SURG082,2026-09-12 11:50:00
STAFF038,Dr./Nurse NEU_SUR_2,Surgeon,Neurology,2026-09-12 12:00:00,2026-09-12 17:30:00,AVAILABLE,OT004,SURG083,2026-09-12 13:50:00
STAFF041,Dr./Nurse NEU_ANA_1,Anaesthetist,Neurology,2026-09-12 12:00:00,2026-09-12 17:30:00,AVAILABLE,OT004,SURG083,2026-09-12 13:50:00
STAFF045,Dr./Nurse NEU_NUR_3,Nurse,Neurology,2026-09-12 12:00:00,2026-09-12 17:30:00,AVAILABLE,OT004,SURG083,2026-09-12 13:50:00
STAFF047,Dr./Nurse NEU_TEC_1,Technician,Neurology,2026-09-12 12:00:00,2026-09-12 17:30:00,AVAILABLE,OT004,SURG083,2026-09-12 13:50:00
STAFF025,Dr./Nurse GEN_SUR_1,Surgeon,General Surgery,2026-09-12 14:00:00,2026-09-12 20:00:00,AVAILABLE,OT001,SURG084,2026-09-12 15:50:00
STAFF029,Dr./Nurse GEN_ANA_1,Anaesthetist,General Surgery,2026-09-12 14:00:00,2026-09-12 20:00:00,AVAILABLE,OT001,SURG084,2026-09-12 15:50:00
STAFF033,Dr./Nurse GEN_NUR_3,Nurse,General Surgery,2026-09-12 14:00:00,2026-09-12 20:00:00,AVAILABLE,OT001,SURG084,2026-09-12 15:50:00
STAFF035,Dr./Nurse GEN_TEC_1,Technician,General Surgery,2026-09-12 14:00:00,2026-09-12 20:00:00,AVAILABLE,OT001,SURG084,2026-09-12 15:50:00
STAFF016,Dr./Nurse CAR_SUR_4,Surgeon,Cardiology,2026-09-12 16:00:00,2026-09-12 22:30:00,AVAILABLE,OT007,SURG085,2026-09-12 17:50:00
STAFF017,Dr./Nurse CAR_ANA_1,Anaesthetist,Cardiology,2026-09-12 16:00:00,2026-09-12 22:30:00,AVAILABLE,OT007,SURG085,2026-09-12 17:50:00
STAFF019,Dr./Nurse CAR_NUR_1,Nurse,Cardiology,2026-09-12 16:00:00,2026-09-12 22:30:00,AVAILABLE,OT007,SURG085,2026-09-12 17:50:00
STAFF024,Dr./Nurse CAR_TEC_2,Technician,Cardiology,2026-09-12 16:00:00,2026-09-12 22:30:00,AVAILABLE,OT007,SURG085,2026-09-12 17:50:00
STAFF004,Dr./Nurse ORT_SUR_4,Surgeon,Orthopaedics,2026-09-12 18:00:00,2026-09-13 00:30:00,AVAILABLE,OT001,SURG086,2026-09-12 19:50:00
STAFF005,Dr./Nurse ORT_ANA_1,Anaesthetist,Orthopaedics,2026-09-12 18:00:00,2026-09-13 00:30:00,AVAILABLE,OT001,SURG086,2026-09-12 19:50:00
STAFF007,Dr./Nurse ORT_NUR_1,Nurse,Orthopaedics,2026-09-12 18:00:00,2026-09-13 00:30:00,AVAILABLE,OT001,SURG086,2026-09-12 19:50:00
STAFF012,Dr./Nurse ORT_TEC_2,Technician,Orthopaedics,2026-09-12 18:00:00,2026-09-13 00:30:00,AVAILABLE,OT001,SURG086,2026-09-12 19:50:00
STAFF027,Dr./Nurse GEN_SUR_3,Surgeon,General Surgery,2026-09-12 20:00:00,2026-09-13 03:00:00,AVAILABLE,OT002,SURG087,2026-09-12 21:50:00
STAFF030,Dr./Nurse GEN_ANA_2,Anaesthetist,General Surgery,2026-09-12 20:00:00,2026-09-13 03:00:00,AVAILABLE,OT002,SURG087,2026-09-12 21:50:00
STAFF034,Dr./Nurse GEN_NUR_4,Nurse,General Surgery,2026-09-12 20:00:00,2026-09-13 03:00:00,AVAILABLE,OT002,SURG087,2026-09-12 21:50:00
STAFF035,Dr./Nurse GEN_TEC_1,Technician,General Surgery,2026-09-12 20:00:00,2026-09-13 03:00:00,AVAILABLE,OT002,SURG087,2026-09-12 21:50:00
STAFF076,Dr./Nurse ENT_SUR_4,Surgeon,ENT,2026-09-12 06:00:00,2026-09-12 11:30:00,AVAILABLE,OT004,SURG088,2026-09-12 07:50:00
STAFF077,Dr./Nurse ENT_ANA_1,Anaesthetist,ENT,2026-09-12 06:00:00,2026-09-12 11:30:00,AVAILABLE,OT004,SURG088,2026-09-12 07:50:00
STAFF081,Dr./Nurse ENT_NUR_3,Nurse,ENT,2026-09-12 06:00:00,2026-09-12 11:30:00,AVAILABLE,OT004,SURG088,2026-09-12 07:50:00
STAFF084,Dr./Nurse ENT_TEC_2,Technician,ENT,2026-09-12 06:00:00,2026-09-12 11:30:00,AVAILABLE,OT004,SURG088,2026-09-12 07:50:00
STAFF062,Dr./Nurse OBS_SUR_2,Surgeon,Obstetrics & Gynaecology,2026-09-12 08:00:00,2026-09-12 14:30:00,AVAILABLE,OT005,SURG089,2026-09-12 09:50:00
STAFF065,Dr./Nurse OBS_ANA_1,Anaesthetist,Obstetrics & Gynaecology,2026-09-12 08:00:00,2026-09-12 14:30:00,AVAILABLE,OT005,SURG089,2026-09-12 09:50:00
STAFF069,Dr./Nurse OBS_NUR_3,Nurse,Obstetrics & Gynaecology,2026-09-12 08:00:00,2026-09-12 14:30:00,AVAILABLE,OT005,SURG089,2026-09-12 09:50:00
STAFF071,Dr./Nurse OBS_TEC_1,Technician,Obstetrics & Gynaecology,2026-09-12 08:00:00,2026-09-12 14:30:00,AVAILABLE,OT005,SURG089,2026-09-12 09:50:00
STAFF074,Dr./Nurse ENT_SUR_2,Surgeon,ENT,2026-09-12 10:00:00,2026-09-12 16:00:00,AVAILABLE,OT006,SURG090,2026-09-12 11:50:00
STAFF077,Dr./Nurse ENT_ANA_1,Anaesthetist,ENT,2026-09-12 10:00:00,2026-09-12 16:00:00,AVAILABLE,OT006,SURG090,2026-09-12 11:50:00
STAFF082,Dr./Nurse ENT_NUR_4,Nurse,ENT,2026-09-12 10:00:00,2026-09-12 16:00:00,AVAILABLE,OT006,SURG090,2026-09-12 11:50:00
STAFF083,Dr./Nurse ENT_TEC_1,Technician,ENT,2026-09-12 10:00:00,2026-09-12 16:00:00,AVAILABLE,OT006,SURG090,2026-09-12 11:50:00
STAFF063,Dr./Nurse OBS_SUR_3,Surgeon,Obstetrics & Gynaecology,2026-09-12 12:00:00,2026-09-12 18:00:00,AVAILABLE,OT006,SURG091,2026-09-12 13:50:00
STAFF065,Dr./Nurse OBS_ANA_1,Anaesthetist,Obstetrics & Gynaecology,2026-09-12 12:00:00,2026-09-12 18:00:00,AVAILABLE,OT006,SURG091,2026-09-12 13:50:00
STAFF068,Dr./Nurse OBS_NUR_2,Nurse,Obstetrics & Gynaecology,2026-09-12 12:00:00,2026-09-12 18:00:00,AVAILABLE,OT006,SURG091,2026-09-12 13:50:00
STAFF072,Dr./Nurse OBS_TEC_2,Technician,Obstetrics & Gynaecology,2026-09-12 12:00:00,2026-09-12 18:00:00,AVAILABLE,OT006,SURG091,2026-09-12 13:50:00
STAFF062,Dr./Nurse OBS_SUR_2,Surgeon,Obstetrics & Gynaecology,2026-09-12 14:00:00,2026-09-12 19:30:00,AVAILABLE,OT006,SURG092,2026-09-12 15:50:00
STAFF065,Dr./Nurse OBS_ANA_1,Anaesthetist,Obstetrics & Gynaecology,2026-09-12 14:00:00,2026-09-12 19:30:00,AVAILABLE,OT006,SURG092,2026-09-12 15:50:00
STAFF067,Dr./Nurse OBS_NUR_1,Nurse,Obstetrics & Gynaecology,2026-09-12 14:00:00,2026-09-12 19:30:00,AVAILABLE,OT006,SURG092,2026-09-12 15:50:00
STAFF071,Dr./Nurse OBS_TEC_1,Technician,Obstetrics & Gynaecology,2026-09-12 14:00:00,2026-09-12 19:30:00,AVAILABLE,OT006,SURG092,2026-09-12 15:50:00
STAFF085,Dr./Nurse PLA_SUR_1,Surgeon,Plastic Surgery,2026-09-12 16:00:00,2026-09-12 21:30:00,AVAILABLE,OT007,SURG093,2026-09-12 17:50:00
STAFF089,Dr./Nurse PLA_ANA_1,Anaesthetist,Plastic Surgery,2026-09-12 16:00:00,2026-09-12 21:30:00,AVAILABLE,OT007,SURG093,2026-09-12 17:50:00
STAFF092,Dr./Nurse PLA_NUR_2,Nurse,Plastic Surgery,2026-09-12 16:00:00,2026-09-12 21:30:00,AVAILABLE,OT007,SURG093,2026-09-12 17:50:00
STAFF095,Dr./Nurse PLA_TEC_1,Technician,Plastic Surgery,2026-09-12 16:00:00,2026-09-12 21:30:00,AVAILABLE,OT007,SURG093,2026-09-12 17:50:00
STAFF086,Dr./Nurse PLA_SUR_2,Surgeon,Plastic Surgery,2026-09-12 18:00:00,2026-09-13 00:30:00,AVAILABLE,OT005,SURG094,2026-09-12 19:50:00
STAFF089,Dr./Nurse PLA_ANA_1,Anaesthetist,Plastic Surgery,2026-09-12 18:00:00,2026-09-13 00:30:00,AVAILABLE,OT005,SURG094,2026-09-12 19:50:00
STAFF093,Dr./Nurse PLA_NUR_3,Nurse,Plastic Surgery,2026-09-12 18:00:00,2026-09-13 00:30:00,AVAILABLE,OT005,SURG094,2026-09-12 19:50:00
STAFF096,Dr./Nurse PLA_TEC_2,Technician,Plastic Surgery,2026-09-12 18:00:00,2026-09-13 00:30:00,AVAILABLE,OT005,SURG094,2026-09-12 19:50:00
STAFF087,Dr./Nurse PLA_SUR_3,Surgeon,Plastic Surgery,2026-09-12 20:00:00,2026-09-13 01:00:00,AVAILABLE,OT005,SURG095,2026-09-12 21:50:00
STAFF090,Dr./Nurse PLA_ANA_2,Anaesthetist,Plastic Surgery,2026-09-12 20:00:00,2026-09-13 01:00:00,AVAILABLE,OT005,SURG095,2026-09-12 21:50:00
STAFF093,Dr./Nurse PLA_NUR_3,Nurse,Plastic Surgery,2026-09-12 20:00:00,2026-09-13 01:00:00,AVAILABLE,OT005,SURG095,2026-09-12 21:50:00
STAFF095,Dr./Nurse PLA_TEC_1,Technician,Plastic Surgery,2026-09-12 20:00:00,2026-09-13 01:00:00,AVAILABLE,OT005,SURG095,2026-09-12 21:50:00
STAFF073,Dr./Nurse ENT_SUR_1,Surgeon,ENT,2026-09-12 06:00:00,2026-09-12 11:30:00,AVAILABLE,OT008,SURG096,2026-09-12 07:50:00
STAFF078,Dr./Nurse ENT_ANA_2,Anaesthetist,ENT,2026-09-12 06:00:00,2026-09-12 11:30:00,AVAILABLE,OT008,SURG096,2026-09-12 07:50:00
STAFF079,Dr./Nurse ENT_NUR_1,Nurse,ENT,2026-09-12 06:00:00,2026-09-12 11:30:00,AVAILABLE,OT008,SURG096,2026-09-12 07:50:00
STAFF084,Dr./Nurse ENT_TEC_2,Technician,ENT,2026-09-12 06:00:00,2026-09-12 11:30:00,AVAILABLE,OT008,SURG096,2026-09-12 07:50:00
STAFF015,Dr./Nurse CAR_SUR_3,Surgeon,Cardiology,2026-09-13 08:00:00,2026-09-13 15:00:00,AVAILABLE,OT008,SURG097,2026-09-13 09:50:00
STAFF017,Dr./Nurse CAR_ANA_1,Anaesthetist,Cardiology,2026-09-13 08:00:00,2026-09-13 15:00:00,AVAILABLE,OT008,SURG097,2026-09-13 09:50:00
STAFF022,Dr./Nurse CAR_NUR_4,Nurse,Cardiology,2026-09-13 08:00:00,2026-09-13 15:00:00,AVAILABLE,OT008,SURG097,2026-09-13 09:50:00
STAFF023,Dr./Nurse CAR_TEC_1,Technician,Cardiology,2026-09-13 08:00:00,2026-09-13 15:00:00,AVAILABLE,OT008,SURG097,2026-09-13 09:50:00
STAFF088,Dr./Nurse PLA_SUR_4,Surgeon,Plastic Surgery,2026-09-13 10:00:00,2026-09-13 15:00:00,AVAILABLE,OT003,SURG098,2026-09-13 11:50:00
STAFF090,Dr./Nurse PLA_ANA_2,Anaesthetist,Plastic Surgery,2026-09-13 10:00:00,2026-09-13 15:00:00,AVAILABLE,OT003,SURG098,2026-09-13 11:50:00
STAFF091,Dr./Nurse PLA_NUR_1,Nurse,Plastic Surgery,2026-09-13 10:00:00,2026-09-13 15:00:00,AVAILABLE,OT003,SURG098,2026-09-13 11:50:00
STAFF096,Dr./Nurse PLA_TEC_2,Technician,Plastic Surgery,2026-09-13 10:00:00,2026-09-13 15:00:00,AVAILABLE,OT003,SURG098,2026-09-13 11:50:00
STAFF039,Dr./Nurse NEU_SUR_3,Surgeon,Neurology,2026-09-13 12:00:00,2026-09-13 17:30:00,AVAILABLE,OT006,SURG099,2026-09-13 13:50:00
STAFF042,Dr./Nurse NEU_ANA_2,Anaesthetist,Neurology,2026-09-13 12:00:00,2026-09-13 17:30:00,AVAILABLE,OT006,SURG099,2026-09-13 13:50:00
STAFF044,Dr./Nurse NEU_NUR_2,Nurse,Neurology,2026-09-13 12:00:00,2026-09-13 17:30:00,AVAILABLE,OT006,SURG099,2026-09-13 13:50:00
STAFF047,Dr./Nurse NEU_TEC_1,Technician,Neurology,2026-09-13 12:00:00,2026-09-13 17:30:00,AVAILABLE,OT006,SURG099,2026-09-13 13:50:00
STAFF052,Dr./Nurse URO_SUR_4,Surgeon,Urology,2026-09-13 14:00:00,2026-09-13 19:30:00,AVAILABLE,OT003,SURG100,2026-09-13 15:50:00
STAFF054,Dr./Nurse URO_ANA_2,Anaesthetist,Urology,2026-09-13 14:00:00,2026-09-13 19:30:00,AVAILABLE,OT003,SURG100,2026-09-13 15:50:00
STAFF058,Dr./Nurse URO_NUR_4,Nurse,Urology,2026-09-13 14:00:00,2026-09-13 19:30:00,AVAILABLE,OT003,SURG100,2026-09-13 15:50:00
STAFF060,Dr./Nurse URO_TEC_2,Technician,Urology,2026-09-13 14:00:00,2026-09-13 19:30:00,AVAILABLE,OT003,SURG100,2026-09-13 15:50:00
STAFF085,Dr./Nurse PLA_SUR_1,Surgeon,Plastic Surgery,2026-09-13 16:00:00,2026-09-13 22:30:00,AVAILABLE,OT003,SURG101,2026-09-13 17:50:00
STAFF090,Dr./Nurse PLA_ANA_2,Anaesthetist,Plastic Surgery,2026-09-13 16:00:00,2026-09-13 22:30:00,AVAILABLE,OT003,SURG101,2026-09-13 17:50:00
STAFF091,Dr./Nurse PLA_NUR_1,Nurse,Plastic Surgery,2026-09-13 16:00:00,2026-09-13 22:30:00,AVAILABLE,OT003,SURG101,2026-09-13 17:50:00
STAFF096,Dr./Nurse PLA_TEC_2,Technician,Plastic Surgery,2026-09-13 16:00:00,2026-09-13 22:30:00,AVAILABLE,OT003,SURG101,2026-09-13 17:50:00
STAFF004,Dr./Nurse ORT_SUR_4,Surgeon,Orthopaedics,2026-09-13 18:00:00,2026-09-14 00:00:00,AVAILABLE,OT008,SURG102,2026-09-13 19:50:00
STAFF006,Dr./Nurse ORT_ANA_2,Anaesthetist,Orthopaedics,2026-09-13 18:00:00,2026-09-14 00:00:00,AVAILABLE,OT008,SURG102,2026-09-13 19:50:00
STAFF007,Dr./Nurse ORT_NUR_1,Nurse,Orthopaedics,2026-09-13 18:00:00,2026-09-14 00:00:00,AVAILABLE,OT008,SURG102,2026-09-13 19:50:00
STAFF012,Dr./Nurse ORT_TEC_2,Technician,Orthopaedics,2026-09-13 18:00:00,2026-09-14 00:00:00,AVAILABLE,OT008,SURG102,2026-09-13 19:50:00
STAFF086,Dr./Nurse PLA_SUR_2,Surgeon,Plastic Surgery,2026-09-13 20:00:00,2026-09-14 01:00:00,AVAILABLE,OT006,SURG103,2026-09-13 21:50:00
STAFF089,Dr./Nurse PLA_ANA_1,Anaesthetist,Plastic Surgery,2026-09-13 20:00:00,2026-09-14 01:00:00,AVAILABLE,OT006,SURG103,2026-09-13 21:50:00
STAFF092,Dr./Nurse PLA_NUR_2,Nurse,Plastic Surgery,2026-09-13 20:00:00,2026-09-14 01:00:00,AVAILABLE,OT006,SURG103,2026-09-13 21:50:00
STAFF096,Dr./Nurse PLA_TEC_2,Technician,Plastic Surgery,2026-09-13 20:00:00,2026-09-14 01:00:00,AVAILABLE,OT006,SURG103,2026-09-13 21:50:00
STAFF063,Dr./Nurse OBS_SUR_3,Surgeon,Obstetrics & Gynaecology,2026-09-13 06:00:00,2026-09-13 12:00:00,AVAILABLE,OT003,SURG104,2026-09-13 07:50:00
STAFF065,Dr./Nurse OBS_ANA_1,Anaesthetist,Obstetrics & Gynaecology,2026-09-13 06:00:00,2026-09-13 12:00:00,AVAILABLE,OT003,SURG104,2026-09-13 07:50:00
STAFF069,Dr./Nurse OBS_NUR_3,Nurse,Obstetrics & Gynaecology,2026-09-13 06:00:00,2026-09-13 12:00:00,AVAILABLE,OT003,SURG104,2026-09-13 07:50:00
STAFF071,Dr./Nurse OBS_TEC_1,Technician,Obstetrics & Gynaecology,2026-09-13 06:00:00,2026-09-13 12:00:00,AVAILABLE,OT003,SURG104,2026-09-13 07:50:00
STAFF050,Dr./Nurse URO_SUR_2,Surgeon,Urology,2026-09-13 08:00:00,2026-09-13 14:00:00,AVAILABLE,OT005,SURG105,2026-09-13 09:50:00
STAFF053,Dr./Nurse URO_ANA_1,Anaesthetist,Urology,2026-09-13 08:00:00,2026-09-13 14:00:00,AVAILABLE,OT005,SURG105,2026-09-13 09:50:00
STAFF057,Dr./Nurse URO_NUR_3,Nurse,Urology,2026-09-13 08:00:00,2026-09-13 14:00:00,AVAILABLE,OT005,SURG105,2026-09-13 09:50:00
STAFF060,Dr./Nurse URO_TEC_2,Technician,Urology,2026-09-13 08:00:00,2026-09-13 14:00:00,AVAILABLE,OT005,SURG105,2026-09-13 09:50:00
STAFF075,Dr./Nurse ENT_SUR_3,Surgeon,ENT,2026-09-13 10:00:00,2026-09-13 15:00:00,AVAILABLE,OT002,SURG106,2026-09-13 11:50:00
STAFF078,Dr./Nurse ENT_ANA_2,Anaesthetist,ENT,2026-09-13 10:00:00,2026-09-13 15:00:00,AVAILABLE,OT002,SURG106,2026-09-13 11:50:00
STAFF080,Dr./Nurse ENT_NUR_2,Nurse,ENT,2026-09-13 10:00:00,2026-09-13 15:00:00,AVAILABLE,OT002,SURG106,2026-09-13 11:50:00
STAFF083,Dr./Nurse ENT_TEC_1,Technician,ENT,2026-09-13 10:00:00,2026-09-13 15:00:00,AVAILABLE,OT002,SURG106,2026-09-13 11:50:00
STAFF014,Dr./Nurse CAR_SUR_2,Surgeon,Cardiology,2026-09-13 12:00:00,2026-09-13 17:00:00,AVAILABLE,OT003,SURG107,2026-09-13 13:50:00
STAFF018,Dr./Nurse CAR_ANA_2,Anaesthetist,Cardiology,2026-09-13 12:00:00,2026-09-13 17:00:00,AVAILABLE,OT003,SURG107,2026-09-13 13:50:00
STAFF020,Dr./Nurse CAR_NUR_2,Nurse,Cardiology,2026-09-13 12:00:00,2026-09-13 17:00:00,AVAILABLE,OT003,SURG107,2026-09-13 13:50:00
STAFF023,Dr./Nurse CAR_TEC_1,Technician,Cardiology,2026-09-13 12:00:00,2026-09-13 17:00:00,AVAILABLE,OT003,SURG107,2026-09-13 13:50:00
STAFF087,Dr./Nurse PLA_SUR_3,Surgeon,Plastic Surgery,2026-09-13 14:00:00,2026-09-13 20:30:00,AVAILABLE,OT003,SURG108,2026-09-13 15:50:00
STAFF090,Dr./Nurse PLA_ANA_2,Anaesthetist,Plastic Surgery,2026-09-13 14:00:00,2026-09-13 20:30:00,AVAILABLE,OT003,SURG108,2026-09-13 15:50:00
STAFF092,Dr./Nurse PLA_NUR_2,Nurse,Plastic Surgery,2026-09-13 14:00:00,2026-09-13 20:30:00,AVAILABLE,OT003,SURG108,2026-09-13 15:50:00
STAFF095,Dr./Nurse PLA_TEC_1,Technician,Plastic Surgery,2026-09-13 14:00:00,2026-09-13 20:30:00,AVAILABLE,OT003,SURG108,2026-09-13 15:50:00
STAFF040,Dr./Nurse NEU_SUR_4,Surgeon,Neurology,2026-09-13 16:00:00,2026-09-13 23:00:00,AVAILABLE,OT008,SURG109,2026-09-13 17:50:00
STAFF042,Dr./Nurse NEU_ANA_2,Anaesthetist,Neurology,2026-09-13 16:00:00,2026-09-13 23:00:00,AVAILABLE,OT008,SURG109,2026-09-13 17:50:00
STAFF044,Dr./Nurse NEU_NUR_2,Nurse,Neurology,2026-09-13 16:00:00,2026-09-13 23:00:00,AVAILABLE,OT008,SURG109,2026-09-13 17:50:00
STAFF047,Dr./Nurse NEU_TEC_1,Technician,Neurology,2026-09-13 16:00:00,2026-09-13 23:00:00,AVAILABLE,OT008,SURG109,2026-09-13 17:50:00
STAFF003,Dr./Nurse ORT_SUR_3,Surgeon,Orthopaedics,2026-09-13 18:00:00,2026-09-14 00:00:00,AVAILABLE,OT005,SURG110,2026-09-13 19:50:00
STAFF005,Dr./Nurse ORT_ANA_1,Anaesthetist,Orthopaedics,2026-09-13 18:00:00,2026-09-14 00:00:00,AVAILABLE,OT005,SURG110,2026-09-13 19:50:00
STAFF008,Dr./Nurse ORT_NUR_2,Nurse,Orthopaedics,2026-09-13 18:00:00,2026-09-14 00:00:00,AVAILABLE,OT005,SURG110,2026-09-13 19:50:00
STAFF012,Dr./Nurse ORT_TEC_2,Technician,Orthopaedics,2026-09-13 18:00:00,2026-09-14 00:00:00,AVAILABLE,OT005,SURG110,2026-09-13 19:50:00
STAFF076,Dr./Nurse ENT_SUR_4,Surgeon,ENT,2026-09-13 20:00:00,2026-09-14 01:30:00,AVAILABLE,OT003,SURG111,2026-09-13 21:50:00
STAFF077,Dr./Nurse ENT_ANA_1,Anaesthetist,ENT,2026-09-13 20:00:00,2026-09-14 01:30:00,AVAILABLE,OT003,SURG111,2026-09-13 21:50:00
STAFF082,Dr./Nurse ENT_NUR_4,Nurse,ENT,2026-09-13 20:00:00,2026-09-14 01:30:00,AVAILABLE,OT003,SURG111,2026-09-13 21:50:00
STAFF084,Dr./Nurse ENT_TEC_2,Technician,ENT,2026-09-13 20:00:00,2026-09-14 01:30:00,AVAILABLE,OT003,SURG111,2026-09-13 21:50:00
STAFF014,Dr./Nurse CAR_SUR_2,Surgeon,Cardiology,2026-09-13 06:00:00,2026-09-13 11:30:00,AVAILABLE,OT007,SURG112,2026-09-13 07:50:00
STAFF017,Dr./Nurse CAR_ANA_1,Anaesthetist,Cardiology,2026-09-13 06:00:00,2026-09-13 11:30:00,AVAILABLE,OT007,SURG112,2026-09-13 07:50:00
STAFF019,Dr./Nurse CAR_NUR_1,Nurse,Cardiology,2026-09-13 06:00:00,2026-09-13 11:30:00,AVAILABLE,OT007,SURG112,2026-09-13 07:50:00
STAFF024,Dr./Nurse CAR_TEC_2,Technician,Cardiology,2026-09-13 06:00:00,2026-09-13 11:30:00,AVAILABLE,OT007,SURG112,2026-09-13 07:50:00
STAFF085,Dr./Nurse PLA_SUR_1,Surgeon,Plastic Surgery,2026-09-13 08:00:00,2026-09-13 13:00:00,AVAILABLE,OT008,SURG113,2026-09-13 08:55:00
STAFF090,Dr./Nurse PLA_ANA_2,Anaesthetist,Plastic Surgery,2026-09-13 08:00:00,2026-09-13 13:00:00,,OT008,SURG113,2026-09-13 08:00:00
STAFF092,Dr./Nurse PLA_NUR_2,Nurse,Plastic Surgery,2026-09-13 08:00:00,2026-09-13 13:00:00,AVAILABLE,OT008,SURG113,2026-09-13 08:55:00
STAFF096,Dr./Nurse PLA_TEC_2,Technician,Plastic Surgery,2026-09-13 08:00:00,2026-09-13 13:00:00,AVAILABLE,OT008,SURG113,2026-09-13 08:55:00
STAFF015,Dr./Nurse CAR_SUR_3,Surgeon,Cardiology,2026-09-13 10:00:00,2026-09-13 17:00:00,AVAILABLE,OT002,SURG114,2026-09-13 11:50:00
STAFF018,Dr./Nurse CAR_ANA_2,Anaesthetist,Cardiology,2026-09-13 10:00:00,2026-09-13 17:00:00,AVAILABLE,OT002,SURG114,2026-09-13 11:50:00
STAFF019,Dr./Nurse CAR_NUR_1,Nurse,Cardiology,2026-09-13 10:00:00,2026-09-13 17:00:00,AVAILABLE,OT002,SURG114,2026-09-13 11:50:00
STAFF024,Dr./Nurse CAR_TEC_2,Technician,Cardiology,2026-09-13 10:00:00,2026-09-13 17:00:00,AVAILABLE,OT002,SURG114,2026-09-13 11:50:00
STAFF028,Dr./Nurse GEN_SUR_4,Surgeon,General Surgery,2026-09-13 12:00:00,2026-09-13 19:00:00,AVAILABLE,OT007,SURG115,2026-09-13 13:50:00
STAFF030,Dr./Nurse GEN_ANA_2,Anaesthetist,General Surgery,2026-09-13 12:00:00,2026-09-13 19:00:00,AVAILABLE,OT007,SURG115,2026-09-13 13:50:00
STAFF031,Dr./Nurse GEN_NUR_1,Nurse,General Surgery,2026-09-13 12:00:00,2026-09-13 19:00:00,AVAILABLE,OT007,SURG115,2026-09-13 13:50:00
STAFF036,Dr./Nurse GEN_TEC_2,Technician,General Surgery,2026-09-13 12:00:00,2026-09-13 19:00:00,AVAILABLE,OT007,SURG115,2026-09-13 13:50:00
STAFF002,Dr./Nurse ORT_SUR_2,Surgeon,Orthopaedics,2026-09-13 14:00:00,2026-09-13 19:00:00,AVAILABLE,OT005,SURG116,2026-09-13 15:50:00
STAFF005,Dr./Nurse ORT_ANA_1,Anaesthetist,Orthopaedics,2026-09-13 14:00:00,2026-09-13 19:00:00,AVAILABLE,OT005,SURG116,2026-09-13 15:50:00
STAFF009,Dr./Nurse ORT_NUR_3,Nurse,Orthopaedics,2026-09-13 14:00:00,2026-09-13 19:00:00,AVAILABLE,OT005,SURG116,2026-09-13 15:50:00
STAFF012,Dr./Nurse ORT_TEC_2,Technician,Orthopaedics,2026-09-13 14:00:00,2026-09-13 19:00:00,AVAILABLE,OT005,SURG116,2026-09-13 15:50:00
STAFF085,Dr./Nurse PLA_SUR_1,Surgeon,Plastic Surgery,2026-09-13 16:00:00,2026-09-13 21:30:00,AVAILABLE,OT008,SURG117,2026-09-13 17:50:00
STAFF090,Dr./Nurse PLA_ANA_2,Anaesthetist,Plastic Surgery,2026-09-13 16:00:00,2026-09-13 21:30:00,AVAILABLE,OT008,SURG117,2026-09-13 17:50:00
STAFF093,Dr./Nurse PLA_NUR_3,Nurse,Plastic Surgery,2026-09-13 16:00:00,2026-09-13 21:30:00,AVAILABLE,OT008,SURG117,2026-09-13 17:50:00
STAFF096,Dr./Nurse PLA_TEC_2,Technician,Plastic Surgery,2026-09-13 16:00:00,2026-09-13 21:30:00,AVAILABLE,OT008,SURG117,2026-09-13 17:50:00
STAFF003,Dr./Nurse ORT_SUR_3,Surgeon,Orthopaedics,2026-09-13 18:00:00,2026-09-14 00:00:00,AVAILABLE,OT005,SURG118,2026-09-13 19:50:00
STAFF005,Dr./Nurse ORT_ANA_1,Anaesthetist,Orthopaedics,2026-09-13 18:00:00,2026-09-14 00:00:00,AVAILABLE,OT005,SURG118,2026-09-13 19:50:00
STAFF009,Dr./Nurse ORT_NUR_3,Nurse,Orthopaedics,2026-09-13 18:00:00,2026-09-14 00:00:00,AVAILABLE,OT005,SURG118,2026-09-13 19:50:00
STAFF012,Dr./Nurse ORT_TEC_2,Technician,Orthopaedics,2026-09-13 18:00:00,2026-09-14 00:00:00,AVAILABLE,OT005,SURG118,2026-09-13 19:50:00
STAFF075,Dr./Nurse ENT_SUR_3,Surgeon,ENT,2026-09-13 20:00:00,2026-09-14 01:30:00,AVAILABLE,OT008,SURG119,2026-09-13 21:50:00
STAFF077,Dr./Nurse ENT_ANA_1,Anaesthetist,ENT,2026-09-13 20:00:00,2026-09-14 01:30:00,AVAILABLE,OT008,SURG119,2026-09-13 21:50:00
STAFF082,Dr./Nurse ENT_NUR_4,Nurse,ENT,2026-09-13 20:00:00,2026-09-14 01:30:00,AVAILABLE,OT008,SURG119,2026-09-13 21:50:00
STAFF083,Dr./Nurse ENT_TEC_1,Technician,ENT,2026-09-13 20:00:00,2026-09-14 01:30:00,AVAILABLE,OT008,SURG119,2026-09-13 21:50:00
STAFF050,Dr./Nurse URO_SUR_2,Surgeon,Urology,2026-09-13 06:00:00,2026-09-13 11:00:00,AVAILABLE,OT003,SURG120,2026-09-13 07:50:00
STAFF054,Dr./Nurse URO_ANA_2,Anaesthetist,Urology,2026-09-13 06:00:00,2026-09-13 11:00:00,AVAILABLE,OT003,SURG120,2026-09-13 07:50:00
STAFF057,Dr./Nurse URO_NUR_3,Nurse,Urology,2026-09-13 06:00:00,2026-09-13 11:00:00,AVAILABLE,OT003,SURG120,2026-09-13 07:50:00
STAFF060,Dr./Nurse URO_TEC_2,Technician,Urology,2026-09-13 06:00:00,2026-09-13 11:00:00,AVAILABLE,OT003,SURG120,2026-09-13 07:50:00
STAFF050,Dr./Nurse URO_SUR_2,Surgeon,Urology,2026-09-13 08:00:00,2026-09-13 13:00:00,AVAILABLE,OT007,SURG121,2026-09-13 09:50:00
STAFF053,Dr./Nurse URO_ANA_1,Anaesthetist,Urology,2026-09-13 08:00:00,2026-09-13 13:00:00,AVAILABLE,OT007,SURG121,2026-09-13 09:50:00
STAFF056,Dr./Nurse URO_NUR_2,Nurse,Urology,2026-09-13 08:00:00,2026-09-13 13:00:00,AVAILABLE,OT007,SURG121,2026-09-13 09:50:00
STAFF060,Dr./Nurse URO_TEC_2,Technician,Urology,2026-09-13 08:00:00,2026-09-13 13:00:00,AVAILABLE,OT007,SURG121,2026-09-13 09:50:00
STAFF016,Dr./Nurse CAR_SUR_4,Surgeon,Cardiology,2026-09-13 10:00:00,2026-09-13 16:00:00,AVAILABLE,OT003,SURG122,2026-09-13 11:50:00
STAFF018,Dr./Nurse CAR_ANA_2,Anaesthetist,Cardiology,2026-09-13 10:00:00,2026-09-13 16:00:00,AVAILABLE,OT003,SURG122,2026-09-13 11:50:00
STAFF021,Dr./Nurse CAR_NUR_3,Nurse,Cardiology,2026-09-13 10:00:00,2026-09-13 16:00:00,AVAILABLE,OT003,SURG122,2026-09-13 11:50:00
STAFF024,Dr./Nurse CAR_TEC_2,Technician,Cardiology,2026-09-13 10:00:00,2026-09-13 16:00:00,AVAILABLE,OT003,SURG122,2026-09-13 11:50:00
STAFF061,Dr./Nurse OBS_SUR_1,Surgeon,Obstetrics & Gynaecology,2026-09-13 12:00:00,2026-09-13 18:00:00,AVAILABLE,OT003,SURG123,2026-09-13 13:50:00
STAFF065,Dr./Nurse OBS_ANA_1,Anaesthetist,Obstetrics & Gynaecology,2026-09-13 12:00:00,2026-09-13 18:00:00,AVAILABLE,OT003,SURG123,2026-09-13 13:50:00
STAFF070,Dr./Nurse OBS_NUR_4,Nurse,Obstetrics & Gynaecology,2026-09-13 12:00:00,2026-09-13 18:00:00,AVAILABLE,OT003,SURG123,2026-09-13 13:50:00
STAFF072,Dr./Nurse OBS_TEC_2,Technician,Obstetrics & Gynaecology,2026-09-13 12:00:00,2026-09-13 18:00:00,AVAILABLE,OT003,SURG123,2026-09-13 13:50:00
STAFF050,Dr./Nurse URO_SUR_2,Surgeon,Urology,2026-09-13 14:00:00,2026-09-13 19:30:00,AVAILABLE,OT005,SURG124,2026-09-13 15:50:00
STAFF053,Dr./Nurse URO_ANA_1,Anaesthetist,Urology,2026-09-13 14:00:00,2026-09-13 19:30:00,AVAILABLE,OT005,SURG124,2026-09-13 15:50:00
STAFF056,Dr./Nurse URO_NUR_2,Nurse,Urology,2026-09-13 14:00:00,2026-09-13 19:30:00,AVAILABLE,OT005,SURG124,2026-09-13 15:50:00
STAFF059,Dr./Nurse URO_TEC_1,Technician,Urology,2026-09-13 14:00:00,2026-09-13 19:30:00,AVAILABLE,OT005,SURG124,2026-09-13 15:50:00
STAFF087,Dr./Nurse PLA_SUR_3,Surgeon,Plastic Surgery,2026-09-13 16:00:00,2026-09-13 22:00:00,AVAILABLE,OT003,SURG125,2026-09-13 17:50:00
STAFF089,Dr./Nurse PLA_ANA_1,Anaesthetist,Plastic Surgery,2026-09-13 16:00:00,2026-09-13 22:00:00,AVAILABLE,OT003,SURG125,2026-09-13 17:50:00
STAFF092,Dr./Nurse PLA_NUR_2,Nurse,Plastic Surgery,2026-09-13 16:00:00,2026-09-13 22:00:00,AVAILABLE,OT003,SURG125,2026-09-13 17:50:00
STAFF096,Dr./Nurse PLA_TEC_2,Technician,Plastic Surgery,2026-09-13 16:00:00,2026-09-13 22:00:00,AVAILABLE,OT003,SURG125,2026-09-13 17:50:00
STAFF039,Dr./Nurse NEU_SUR_3,Surgeon,Neurology,2026-09-13 18:00:00,2026-09-13 23:30:00,AVAILABLE,OT002,SURG126,2026-09-13 19:50:00
STAFF042,Dr./Nurse NEU_ANA_2,Anaesthetist,Neurology,2026-09-13 18:00:00,2026-09-13 23:30:00,AVAILABLE,OT002,SURG126,2026-09-13 19:50:00
STAFF044,Dr./Nurse NEU_NUR_2,Nurse,Neurology,2026-09-13 18:00:00,2026-09-13 23:30:00,AVAILABLE,OT002,SURG126,2026-09-13 19:50:00
STAFF047,Dr./Nurse NEU_TEC_1,Technician,Neurology,2026-09-13 18:00:00,2026-09-13 23:30:00,AVAILABLE,OT002,SURG126,2026-09-13 19:50:00
STAFF074,Dr./Nurse ENT_SUR_2,Surgeon,ENT,2026-09-13 20:00:00,2026-09-14 03:00:00,AVAILABLE,OT005,SURG127,2026-09-13 21:50:00
STAFF078,Dr./Nurse ENT_ANA_2,Anaesthetist,ENT,2026-09-13 20:00:00,2026-09-14 03:00:00,AVAILABLE,OT005,SURG127,2026-09-13 21:50:00
STAFF079,Dr./Nurse ENT_NUR_1,Nurse,ENT,2026-09-13 20:00:00,2026-09-14 03:00:00,AVAILABLE,OT005,SURG127,2026-09-13 21:50:00
STAFF084,Dr./Nurse ENT_TEC_2,Technician,ENT,2026-09-13 20:00:00,2026-09-14 03:00:00,AVAILABLE,OT005,SURG127,2026-09-13 21:50:00
STAFF026,Dr./Nurse GEN_SUR_2,Surgeon,General Surgery,2026-09-13 06:00:00,2026-09-13 11:30:00,AVAILABLE,OT006,SURG128,2026-09-13 07:50:00
STAFF030,Dr./Nurse GEN_ANA_2,Anaesthetist,General Surgery,2026-09-13 06:00:00,2026-09-13 11:30:00,AVAILABLE,OT006,SURG128,2026-09-13 07:50:00
STAFF032,Dr./Nurse GEN_NUR_2,Nurse,General Surgery,2026-09-13 06:00:00,2026-09-13 11:30:00,AVAILABLE,OT006,SURG128,2026-09-13 07:50:00
STAFF035,Dr./Nurse GEN_TEC_1,Technician,General Surgery,2026-09-13 06:00:00,2026-09-13 11:30:00,AVAILABLE,OT006,SURG128,2026-09-13 07:50:00
STAFF062,Dr./Nurse OBS_SUR_2,Surgeon,Obstetrics & Gynaecology,2026-09-14 08:00:00,2026-09-14 13:00:00,UNAVAILABLE,OT004,SURG129,2026-09-14 09:50:00
STAFF065,Dr./Nurse OBS_ANA_1,Anaesthetist,Obstetrics & Gynaecology,2026-09-14 08:00:00,2026-09-14 13:00:00,UNAVAILABLE,OT004,SURG129,2026-09-14 09:50:00
STAFF068,Dr./Nurse OBS_NUR_2,Nurse,Obstetrics & Gynaecology,2026-09-14 08:00:00,2026-09-14 13:00:00,AVAILABLE,OT004,SURG129,2026-09-14 09:50:00
STAFF072,Dr./Nurse OBS_TEC_2,Technician,Obstetrics & Gynaecology,2026-09-14 08:00:00,2026-09-14 13:00:00,AVAILABLE,OT004,SURG129,2026-09-14 09:50:00
STAFF004,Dr./Nurse ORT_SUR_4,Surgeon,Orthopaedics,2026-09-14 10:00:00,2026-09-14 15:30:00,AVAILABLE,OT002,SURG130,2026-09-14 11:50:00
STAFF006,Dr./Nurse ORT_ANA_2,Anaesthetist,Orthopaedics,2026-09-14 10:00:00,2026-09-14 15:30:00,AVAILABLE,OT002,SURG130,2026-09-14 11:50:00
STAFF009,Dr./Nurse ORT_NUR_3,Nurse,Orthopaedics,2026-09-14 10:00:00,2026-09-14 15:30:00,AVAILABLE,OT002,SURG130,2026-09-14 11:50:00
STAFF012,Dr./Nurse ORT_TEC_2,Technician,Orthopaedics,2026-09-14 10:00:00,2026-09-14 15:30:00,AVAILABLE,OT002,SURG130,2026-09-14 11:50:00
STAFF052,Dr./Nurse URO_SUR_4,Surgeon,Urology,2026-09-14 12:00:00,2026-09-14 17:00:00,AVAILABLE,OT007,SURG131,2026-09-14 13:50:00
STAFF054,Dr./Nurse URO_ANA_2,Anaesthetist,Urology,2026-09-14 12:00:00,2026-09-14 17:00:00,AVAILABLE,OT007,SURG131,2026-09-14 13:50:00
STAFF058,Dr./Nurse URO_NUR_4,Nurse,Urology,2026-09-14 12:00:00,2026-09-14 17:00:00,AVAILABLE,OT007,SURG131,2026-09-14 13:50:00
STAFF059,Dr./Nurse URO_TEC_1,Technician,Urology,2026-09-14 12:00:00,2026-09-14 17:00:00,AVAILABLE,OT007,SURG131,2026-09-14 13:50:00
STAFF061,Dr./Nurse OBS_SUR_1,Surgeon,Obstetrics & Gynaecology,2026-09-14 14:00:00,2026-09-14 20:00:00,AVAILABLE,OT003,SURG132,2026-09-14 15:50:00
STAFF066,Dr./Nurse OBS_ANA_2,Anaesthetist,Obstetrics & Gynaecology,2026-09-14 14:00:00,2026-09-14 20:00:00,AVAILABLE,OT003,SURG132,2026-09-14 15:50:00
STAFF068,Dr./Nurse OBS_NUR_2,Nurse,Obstetrics & Gynaecology,2026-09-14 14:00:00,2026-09-14 20:00:00,AVAILABLE,OT003,SURG132,2026-09-14 15:50:00
STAFF072,Dr./Nurse OBS_TEC_2,Technician,Obstetrics & Gynaecology,2026-09-14 14:00:00,2026-09-14 20:00:00,AVAILABLE,OT003,SURG132,2026-09-14 15:50:00
STAFF087,Dr./Nurse PLA_SUR_3,Surgeon,Plastic Surgery,2026-09-14 16:00:00,2026-09-14 21:30:00,AVAILABLE,OT005,SURG133,2026-09-14 17:50:00
STAFF090,Dr./Nurse PLA_ANA_2,Anaesthetist,Plastic Surgery,2026-09-14 16:00:00,2026-09-14 21:30:00,AVAILABLE,OT005,SURG133,2026-09-14 17:50:00
STAFF092,Dr./Nurse PLA_NUR_2,Nurse,Plastic Surgery,2026-09-14 16:00:00,2026-09-14 21:30:00,AVAILABLE,OT005,SURG133,2026-09-14 17:50:00
STAFF095,Dr./Nurse PLA_TEC_1,Technician,Plastic Surgery,2026-09-14 16:00:00,2026-09-14 21:30:00,AVAILABLE,OT005,SURG133,2026-09-14 17:50:00
STAFF086,Dr./Nurse PLA_SUR_2,Surgeon,Plastic Surgery,2026-09-14 18:00:00,2026-09-15 00:30:00,AVAILABLE,OT008,SURG134,2026-09-14 19:50:00
STAFF090,Dr./Nurse PLA_ANA_2,Anaesthetist,Plastic Surgery,2026-09-14 18:00:00,2026-09-15 00:30:00,AVAILABLE,OT008,SURG134,2026-09-14 19:50:00
STAFF091,Dr./Nurse PLA_NUR_1,Nurse,Plastic Surgery,2026-09-14 18:00:00,2026-09-15 00:30:00,AVAILABLE,OT008,SURG134,2026-09-14 19:50:00
STAFF095,Dr./Nurse PLA_TEC_1,Technician,Plastic Surgery,2026-09-14 18:00:00,2026-09-15 00:30:00,AVAILABLE,OT008,SURG134,2026-09-14 19:50:00
STAFF088,Dr./Nurse PLA_SUR_4,Surgeon,Plastic Surgery,2026-09-14 20:00:00,2026-09-15 03:00:00,AVAILABLE,OT008,SURG135,2026-09-14 21:50:00
STAFF090,Dr./Nurse PLA_ANA_2,Anaesthetist,Plastic Surgery,2026-09-14 20:00:00,2026-09-15 03:00:00,AVAILABLE,OT008,SURG135,2026-09-14 21:50:00
STAFF091,Dr./Nurse PLA_NUR_1,Nurse,Plastic Surgery,2026-09-14 20:00:00,2026-09-15 03:00:00,AVAILABLE,OT008,SURG135,2026-09-14 21:50:00
STAFF096,Dr./Nurse PLA_TEC_2,Technician,Plastic Surgery,2026-09-14 20:00:00,2026-09-15 03:00:00,AVAILABLE,OT008,SURG135,2026-09-14 21:50:00
STAFF061,Dr./Nurse OBS_SUR_1,Surgeon,Obstetrics & Gynaecology,2026-09-14 06:00:00,2026-09-14 11:00:00,AVAILABLE,OT004,SURG136,2026-09-14 07:50:00
STAFF065,Dr./Nurse OBS_ANA_1,Anaesthetist,Obstetrics & Gynaecology,2026-09-14 06:00:00,2026-09-14 11:00:00,AVAILABLE,OT004,SURG136,2026-09-14 07:50:00
STAFF067,Dr./Nurse OBS_NUR_1,Nurse,Obstetrics & Gynaecology,2026-09-14 06:00:00,2026-09-14 11:00:00,AVAILABLE,OT004,SURG136,2026-09-14 07:50:00
STAFF072,Dr./Nurse OBS_TEC_2,Technician,Obstetrics & Gynaecology,2026-09-14 06:00:00,2026-09-14 11:00:00,AVAILABLE,OT004,SURG136,2026-09-14 07:50:00
STAFF061,Dr./Nurse OBS_SUR_1,Surgeon,Obstetrics & Gynaecology,2026-09-14 08:00:00,2026-09-14 13:30:00,AVAILABLE,OT006,SURG137,2026-09-14 09:50:00
STAFF065,Dr./Nurse OBS_ANA_1,Anaesthetist,Obstetrics & Gynaecology,2026-09-14 08:00:00,2026-09-14 13:30:00,AVAILABLE,OT006,SURG137,2026-09-14 09:50:00
STAFF068,Dr./Nurse OBS_NUR_2,Nurse,Obstetrics & Gynaecology,2026-09-14 08:00:00,2026-09-14 13:30:00,AVAILABLE,OT006,SURG137,2026-09-14 09:50:00
STAFF072,Dr./Nurse OBS_TEC_2,Technician,Obstetrics & Gynaecology,2026-09-14 08:00:00,2026-09-14 13:30:00,AVAILABLE,OT006,SURG137,2026-09-14 09:50:00
STAFF028,Dr./Nurse GEN_SUR_4,Surgeon,General Surgery,2026-09-14 10:00:00,2026-09-14 16:00:00,AVAILABLE,OT008,SURG138,2026-09-14 11:50:00
STAFF030,Dr./Nurse GEN_ANA_2,Anaesthetist,General Surgery,2026-09-14 10:00:00,2026-09-14 16:00:00,AVAILABLE,OT008,SURG138,2026-09-14 11:50:00
STAFF033,Dr./Nurse GEN_NUR_3,Nurse,General Surgery,2026-09-14 10:00:00,2026-09-14 16:00:00,AVAILABLE,OT008,SURG138,2026-09-14 11:50:00
STAFF036,Dr./Nurse GEN_TEC_2,Technician,General Surgery,2026-09-14 10:00:00,2026-09-14 16:00:00,AVAILABLE,OT008,SURG138,2026-09-14 11:50:00
STAFF001,Dr./Nurse ORT_SUR_1,Surgeon,Orthopaedics,2026-09-14 12:00:00,2026-09-14 18:00:00,AVAILABLE,OT008,SURG139,2026-09-14 13:50:00
STAFF006,Dr./Nurse ORT_ANA_2,Anaesthetist,Orthopaedics,2026-09-14 12:00:00,2026-09-14 18:00:00,AVAILABLE,OT008,SURG139,2026-09-14 13:50:00
STAFF009,Dr./Nurse ORT_NUR_3,Nurse,Orthopaedics,2026-09-14 12:00:00,2026-09-14 18:00:00,AVAILABLE,OT008,SURG139,2026-09-14 13:50:00
STAFF011,Dr./Nurse ORT_TEC_1,Technician,Orthopaedics,2026-09-14 12:00:00,2026-09-14 18:00:00,AVAILABLE,OT008,SURG139,2026-09-14 13:50:00
STAFF025,Dr./Nurse GEN_SUR_1,Surgeon,General Surgery,2026-09-14 14:00:00,2026-09-14 19:30:00,AVAILABLE,OT008,SURG140,2026-09-14 15:50:00
STAFF029,Dr./Nurse GEN_ANA_1,Anaesthetist,General Surgery,2026-09-14 14:00:00,2026-09-14 19:30:00,AVAILABLE,OT008,SURG140,2026-09-14 15:50:00
STAFF031,Dr./Nurse GEN_NUR_1,Nurse,General Surgery,2026-09-14 14:00:00,2026-09-14 19:30:00,AVAILABLE,OT008,SURG140,2026-09-14 15:50:00
STAFF036,Dr./Nurse GEN_TEC_2,Technician,General Surgery,2026-09-14 14:00:00,2026-09-14 19:30:00,AVAILABLE,OT008,SURG140,2026-09-14 15:50:00
STAFF026,Dr./Nurse GEN_SUR_2,Surgeon,General Surgery,2026-09-14 16:00:00,2026-09-14 21:30:00,AVAILABLE,OT007,SURG141,2026-09-14 17:50:00
STAFF029,Dr./Nurse GEN_ANA_1,Anaesthetist,General Surgery,2026-09-14 16:00:00,2026-09-14 21:30:00,AVAILABLE,OT007,SURG141,2026-09-14 17:50:00
STAFF033,Dr./Nurse GEN_NUR_3,Nurse,General Surgery,2026-09-14 16:00:00,2026-09-14 21:30:00,AVAILABLE,OT007,SURG141,2026-09-14 17:50:00
STAFF036,Dr./Nurse GEN_TEC_2,Technician,General Surgery,2026-09-14 16:00:00,2026-09-14 21:30:00,AVAILABLE,OT007,SURG141,2026-09-14 17:50:00
STAFF028,Dr./Nurse GEN_SUR_4,Surgeon,General Surgery,2026-09-14 18:00:00,2026-09-15 01:00:00,AVAILABLE,OT006,SURG142,2026-09-14 19:50:00
STAFF029,Dr./Nurse GEN_ANA_1,Anaesthetist,General Surgery,2026-09-14 18:00:00,2026-09-15 01:00:00,AVAILABLE,OT006,SURG142,2026-09-14 19:50:00
STAFF032,Dr./Nurse GEN_NUR_2,Nurse,General Surgery,2026-09-14 18:00:00,2026-09-15 01:00:00,AVAILABLE,OT006,SURG142,2026-09-14 19:50:00
STAFF036,Dr./Nurse GEN_TEC_2,Technician,General Surgery,2026-09-14 18:00:00,2026-09-15 01:00:00,AVAILABLE,OT006,SURG142,2026-09-14 19:50:00
STAFF052,Dr./Nurse URO_SUR_4,Surgeon,Urology,2026-09-14 20:00:00,2026-09-15 01:30:00,AVAILABLE,OT004,SURG143,2026-09-14 21:50:00
STAFF054,Dr./Nurse URO_ANA_2,Anaesthetist,Urology,2026-09-14 20:00:00,2026-09-15 01:30:00,AVAILABLE,OT004,SURG143,2026-09-14 21:50:00
STAFF057,Dr./Nurse URO_NUR_3,Nurse,Urology,2026-09-14 20:00:00,2026-09-15 01:30:00,AVAILABLE,OT004,SURG143,2026-09-14 21:50:00
STAFF060,Dr./Nurse URO_TEC_2,Technician,Urology,2026-09-14 20:00:00,2026-09-15 01:30:00,AVAILABLE,OT004,SURG143,2026-09-14 21:50:00
STAFF075,Dr./Nurse ENT_SUR_3,Surgeon,ENT,2026-09-14 06:00:00,2026-09-14 11:30:00,AVAILABLE,OT007,SURG144,2026-09-14 07:50:00
STAFF078,Dr./Nurse ENT_ANA_2,Anaesthetist,ENT,2026-09-14 06:00:00,2026-09-14 11:30:00,AVAILABLE,OT007,SURG144,2026-09-14 07:50:00
STAFF081,Dr./Nurse ENT_NUR_3,Nurse,ENT,2026-09-14 06:00:00,2026-09-14 11:30:00,AVAILABLE,OT007,SURG144,2026-09-14 07:50:00
STAFF084,Dr./Nurse ENT_TEC_2,Technician,ENT,2026-09-14 06:00:00,2026-09-14 11:30:00,AVAILABLE,OT007,SURG144,2026-09-14 07:50:00
STAFF050,Dr./Nurse URO_SUR_2,Surgeon,Urology,2026-09-14 08:00:00,2026-09-14 13:30:00,DELAYED_IN_PREV_SURGERY,OT004,SURG145,2026-09-14 09:50:00
STAFF053,Dr./Nurse URO_ANA_1,Anaesthetist,Urology,2026-09-14 08:00:00,2026-09-14 13:30:00,DELAYED_IN_PREV_SURGERY,OT004,SURG145,2026-09-14 09:50:00
STAFF055,Dr./Nurse URO_NUR_1,Nurse,Urology,2026-09-14 08:00:00,2026-09-14 13:30:00,AVAILABLE,OT004,SURG145,2026-09-14 09:50:00
STAFF060,Dr./Nurse URO_TEC_2,Technician,Urology,2026-09-14 08:00:00,2026-09-14 13:30:00,AVAILABLE,OT004,SURG145,2026-09-14 09:50:00
STAFF027,Dr./Nurse GEN_SUR_3,Surgeon,General Surgery,2026-09-14 10:00:00,2026-09-14 16:30:00,AVAILABLE,OT001,SURG146,2026-09-14 11:50:00
STAFF030,Dr./Nurse GEN_ANA_2,Anaesthetist,General Surgery,2026-09-14 10:00:00,2026-09-14 16:30:00,AVAILABLE,OT001,SURG146,2026-09-14 11:50:00
STAFF031,Dr./Nurse GEN_NUR_1,Nurse,General Surgery,2026-09-14 10:00:00,2026-09-14 16:30:00,AVAILABLE,OT001,SURG146,2026-09-14 11:50:00
STAFF035,Dr./Nurse GEN_TEC_1,Technician,General Surgery,2026-09-14 10:00:00,2026-09-14 16:30:00,AVAILABLE,OT001,SURG146,2026-09-14 11:50:00
STAFF028,Dr./Nurse GEN_SUR_4,Surgeon,General Surgery,2026-09-14 12:00:00,2026-09-14 17:30:00,AVAILABLE,OT001,SURG147,2026-09-14 13:50:00
STAFF029,Dr./Nurse GEN_ANA_1,Anaesthetist,General Surgery,2026-09-14 12:00:00,2026-09-14 17:30:00,AVAILABLE,OT001,SURG147,2026-09-14 13:50:00
STAFF033,Dr./Nurse GEN_NUR_3,Nurse,General Surgery,2026-09-14 12:00:00,2026-09-14 17:30:00,AVAILABLE,OT001,SURG147,2026-09-14 13:50:00
STAFF035,Dr./Nurse GEN_TEC_1,Technician,General Surgery,2026-09-14 12:00:00,2026-09-14 17:30:00,AVAILABLE,OT001,SURG147,2026-09-14 13:50:00
STAFF016,Dr./Nurse CAR_SUR_4,Surgeon,Cardiology,2026-09-14 14:00:00,2026-09-14 20:00:00,AVAILABLE,OT005,SURG148,2026-09-14 15:50:00
STAFF018,Dr./Nurse CAR_ANA_2,Anaesthetist,Cardiology,2026-09-14 14:00:00,2026-09-14 20:00:00,AVAILABLE,OT005,SURG148,2026-09-14 15:50:00
STAFF020,Dr./Nurse CAR_NUR_2,Nurse,Cardiology,2026-09-14 14:00:00,2026-09-14 20:00:00,AVAILABLE,OT005,SURG148,2026-09-14 15:50:00
STAFF023,Dr./Nurse CAR_TEC_1,Technician,Cardiology,2026-09-14 14:00:00,2026-09-14 20:00:00,AVAILABLE,OT005,SURG148,2026-09-14 15:50:00
STAFF086,Dr./Nurse PLA_SUR_2,Surgeon,Plastic Surgery,2026-09-14 16:00:00,2026-09-14 21:30:00,AVAILABLE,OT003,SURG149,2026-09-14 16:55:00
STAFF090,Dr./Nurse PLA_ANA_2,Anaesthetist,Plastic Surgery,2026-09-14 16:00:00,2026-09-14 21:30:00,AVAILABLE,OT003,SURG149,2026-09-14 16:55:00
STAFF094,Dr./Nurse PLA_NUR_4,Nurse,Plastic Surgery,2026-09-14 16:00:00,2026-09-14 21:30:00,AVAILABLE,OT003,SURG149,2026-09-14 16:55:00
STAFF096,Dr./Nurse PLA_TEC_2,Technician,Plastic Surgery,2026-09-14 16:00:00,2026-09-14 21:30:00,AVAILABLE,OT003,SURG149,2026-09-14 16:55:00
STAFF087,Dr./Nurse PLA_SUR_3,Surgeon,Plastic Surgery,2026-09-14 18:00:00,2026-09-14 23:30:00,STUCK_IN_TRAFFIC,OT003,SURG150,2026-09-14 19:50:00
STAFF089,Dr./Nurse PLA_ANA_1,Anaesthetist,Plastic Surgery,2026-09-14 18:00:00,2026-09-14 23:30:00,,OT003,SURG150,2026-09-14 18:00:00
STAFF093,Dr./Nurse PLA_NUR_3,Nurse,Plastic Surgery,2026-09-14 18:00:00,2026-09-14 23:30:00,AVAILABLE,OT003,SURG150,2026-09-14 19:50:00
STAFF096,Dr./Nurse PLA_TEC_2,Technician,Plastic Surgery,2026-09-14 18:00:00,2026-09-14 23:30:00,AVAILABLE,OT003,SURG150,2026-09-14 19:50:00
STAFF051,Dr./Nurse URO_SUR_3,Surgeon,Urology,2026-09-14 20:00:00,2026-09-15 02:30:00,AVAILABLE,OT008,SURG151,2026-09-14 21:50:00
STAFF054,Dr./Nurse URO_ANA_2,Anaesthetist,Urology,2026-09-14 20:00:00,2026-09-15 02:30:00,AVAILABLE,OT008,SURG151,2026-09-14 21:50:00
STAFF056,Dr./Nurse URO_NUR_2,Nurse,Urology,2026-09-14 20:00:00,2026-09-15 02:30:00,AVAILABLE,OT008,SURG151,2026-09-14 21:50:00
STAFF059,Dr./Nurse URO_TEC_1,Technician,Urology,2026-09-14 20:00:00,2026-09-15 02:30:00,AVAILABLE,OT008,SURG151,2026-09-14 21:50:00
STAFF026,Dr./Nurse GEN_SUR_2,Surgeon,General Surgery,2026-09-14 06:00:00,2026-09-14 13:00:00,AVAILABLE,OT008,SURG152,2026-09-14 07:50:00
STAFF029,Dr./Nurse GEN_ANA_1,Anaesthetist,General Surgery,2026-09-14 06:00:00,2026-09-14 13:00:00,AVAILABLE,OT008,SURG152,2026-09-14 07:50:00
STAFF034,Dr./Nurse GEN_NUR_4,Nurse,General Surgery,2026-09-14 06:00:00,2026-09-14 13:00:00,AVAILABLE,OT008,SURG152,2026-09-14 07:50:00
STAFF036,Dr./Nurse GEN_TEC_2,Technician,General Surgery,2026-09-14 06:00:00,2026-09-14 13:00:00,AVAILABLE,OT008,SURG152,2026-09-14 07:50:00
STAFF004,Dr./Nurse ORT_SUR_4,Surgeon,Orthopaedics,2026-09-14 08:00:00,2026-09-14 15:00:00,AVAILABLE,OT002,SURG153,2026-09-14 09:50:00
STAFF005,Dr./Nurse ORT_ANA_1,Anaesthetist,Orthopaedics,2026-09-14 08:00:00,2026-09-14 15:00:00,AVAILABLE,OT002,SURG153,2026-09-14 09:50:00
STAFF008,Dr./Nurse ORT_NUR_2,Nurse,Orthopaedics,2026-09-14 08:00:00,2026-09-14 15:00:00,AVAILABLE,OT002,SURG153,2026-09-14 09:50:00
STAFF012,Dr./Nurse ORT_TEC_2,Technician,Orthopaedics,2026-09-14 08:00:00,2026-09-14 15:00:00,AVAILABLE,OT002,SURG153,2026-09-14 09:50:00
STAFF004,Dr./Nurse ORT_SUR_4,Surgeon,Orthopaedics,2026-09-14 10:00:00,2026-09-14 15:30:00,AVAILABLE,OT008,SURG154,2026-09-14 11:50:00
STAFF006,Dr./Nurse ORT_ANA_2,Anaesthetist,Orthopaedics,2026-09-14 10:00:00,2026-09-14 15:30:00,AVAILABLE,OT008,SURG154,2026-09-14 11:50:00
STAFF007,Dr./Nurse ORT_NUR_1,Nurse,Orthopaedics,2026-09-14 10:00:00,2026-09-14 15:30:00,AVAILABLE,OT008,SURG154,2026-09-14 11:50:00
STAFF012,Dr./Nurse ORT_TEC_2,Technician,Orthopaedics,2026-09-14 10:00:00,2026-09-14 15:30:00,AVAILABLE,OT008,SURG154,2026-09-14 11:50:00
STAFF037,Dr./Nurse NEU_SUR_1,Surgeon,Neurology,2026-09-14 12:00:00,2026-09-14 17:00:00,AVAILABLE,OT001,SURG155,2026-09-14 13:50:00
STAFF042,Dr./Nurse NEU_ANA_2,Anaesthetist,Neurology,2026-09-14 12:00:00,2026-09-14 17:00:00,AVAILABLE,OT001,SURG155,2026-09-14 13:50:00
STAFF043,Dr./Nurse NEU_NUR_1,Nurse,Neurology,2026-09-14 12:00:00,2026-09-14 17:00:00,AVAILABLE,OT001,SURG155,2026-09-14 13:50:00
STAFF048,Dr./Nurse NEU_TEC_2,Technician,Neurology,2026-09-14 12:00:00,2026-09-14 17:00:00,AVAILABLE,OT001,SURG155,2026-09-14 13:50:00
STAFF028,Dr./Nurse GEN_SUR_4,Surgeon,General Surgery,2026-09-14 14:00:00,2026-09-14 20:00:00,AVAILABLE,OT003,SURG156,2026-09-14 15:50:00
STAFF030,Dr./Nurse GEN_ANA_2,Anaesthetist,General Surgery,2026-09-14 14:00:00,2026-09-14 20:00:00,AVAILABLE,OT003,SURG156,2026-09-14 15:50:00
STAFF031,Dr./Nurse GEN_NUR_1,Nurse,General Surgery,2026-09-14 14:00:00,2026-09-14 20:00:00,AVAILABLE,OT003,SURG156,2026-09-14 15:50:00
STAFF035,Dr./Nurse GEN_TEC_1,Technician,General Surgery,2026-09-14 14:00:00,2026-09-14 20:00:00,AVAILABLE,OT003,SURG156,2026-09-14 15:50:00
STAFF027,Dr./Nurse GEN_SUR_3,Surgeon,General Surgery,2026-09-14 16:00:00,2026-09-14 23:00:00,AVAILABLE,OT002,SURG157,2026-09-14 17:50:00
STAFF030,Dr./Nurse GEN_ANA_2,Anaesthetist,General Surgery,2026-09-14 16:00:00,2026-09-14 23:00:00,,OT002,SURG157,2026-09-14 16:00:00
STAFF034,Dr./Nurse GEN_NUR_4,Nurse,General Surgery,2026-09-14 16:00:00,2026-09-14 23:00:00,AVAILABLE,OT002,SURG157,2026-09-14 17:50:00
STAFF036,Dr./Nurse GEN_TEC_2,Technician,General Surgery,2026-09-14 16:00:00,2026-09-14 23:00:00,AVAILABLE,OT002,SURG157,2026-09-14 17:50:00
STAFF050,Dr./Nurse URO_SUR_2,Surgeon,Urology,2026-09-14 18:00:00,2026-09-14 23:00:00,AVAILABLE,OT003,SURG158,2026-09-14 19:50:00
STAFF053,Dr./Nurse URO_ANA_1,Anaesthetist,Urology,2026-09-14 18:00:00,2026-09-14 23:00:00,AVAILABLE,OT003,SURG158,2026-09-14 19:50:00
STAFF055,Dr./Nurse URO_NUR_1,Nurse,Urology,2026-09-14 18:00:00,2026-09-14 23:00:00,AVAILABLE,OT003,SURG158,2026-09-14 19:50:00
STAFF059,Dr./Nurse URO_TEC_1,Technician,Urology,2026-09-14 18:00:00,2026-09-14 23:00:00,AVAILABLE,OT003,SURG158,2026-09-14 19:50:00
STAFF001,Dr./Nurse ORT_SUR_1,Surgeon,Orthopaedics,2026-09-14 20:00:00,2026-09-15 01:00:00,AVAILABLE,OT008,SURG159,2026-09-14 21:50:00
STAFF005,Dr./Nurse ORT_ANA_1,Anaesthetist,Orthopaedics,2026-09-14 20:00:00,2026-09-15 01:00:00,AVAILABLE,OT008,SURG159,2026-09-14 21:50:00
STAFF009,Dr./Nurse ORT_NUR_3,Nurse,Orthopaedics,2026-09-14 20:00:00,2026-09-15 01:00:00,AVAILABLE,OT008,SURG159,2026-09-14 21:50:00
STAFF011,Dr./Nurse ORT_TEC_1,Technician,Orthopaedics,2026-09-14 20:00:00,2026-09-15 01:00:00,AVAILABLE,OT008,SURG159,2026-09-14 21:50:00
STAFF039,Dr./Nurse NEU_SUR_3,Surgeon,Neurology,2026-09-14 06:00:00,2026-09-14 11:30:00,AVAILABLE,OT006,SURG160,2026-09-14 07:50:00
STAFF042,Dr./Nurse NEU_ANA_2,Anaesthetist,Neurology,2026-09-14 06:00:00,2026-09-14 11:30:00,AVAILABLE,OT006,SURG160,2026-09-14 07:50:00
STAFF043,Dr./Nurse NEU_NUR_1,Nurse,Neurology,2026-09-14 06:00:00,2026-09-14 11:30:00,AVAILABLE,OT006,SURG160,2026-09-14 07:50:00
STAFF047,Dr./Nurse NEU_TEC_1,Technician,Neurology,2026-09-14 06:00:00,2026-09-14 11:30:00,AVAILABLE,OT006,SURG160,2026-09-14 07:50:00
STAFF004,Dr./Nurse ORT_SUR_4,Surgeon,Orthopaedics,2026-09-15 08:00:00,2026-09-15 14:30:00,AVAILABLE,OT008,SURG161,2026-09-15 09:50:00
STAFF005,Dr./Nurse ORT_ANA_1,Anaesthetist,Orthopaedics,2026-09-15 08:00:00,2026-09-15 14:30:00,AVAILABLE,OT008,SURG161,2026-09-15 09:50:00
STAFF009,Dr./Nurse ORT_NUR_3,Nurse,Orthopaedics,2026-09-15 08:00:00,2026-09-15 14:30:00,AVAILABLE,OT008,SURG161,2026-09-15 09:50:00
STAFF012,Dr./Nurse ORT_TEC_2,Technician,Orthopaedics,2026-09-15 08:00:00,2026-09-15 14:30:00,AVAILABLE,OT008,SURG161,2026-09-15 09:50:00
STAFF037,Dr./Nurse NEU_SUR_1,Surgeon,Neurology,2026-09-15 10:00:00,2026-09-15 16:00:00,AVAILABLE,OT008,SURG162,2026-09-15 11:50:00
STAFF042,Dr./Nurse NEU_ANA_2,Anaesthetist,Neurology,2026-09-15 10:00:00,2026-09-15 16:00:00,AVAILABLE,OT008,SURG162,2026-09-15 11:50:00
STAFF046,Dr./Nurse NEU_NUR_4,Nurse,Neurology,2026-09-15 10:00:00,2026-09-15 16:00:00,AVAILABLE,OT008,SURG162,2026-09-15 11:50:00
STAFF047,Dr./Nurse NEU_TEC_1,Technician,Neurology,2026-09-15 10:00:00,2026-09-15 16:00:00,AVAILABLE,OT008,SURG162,2026-09-15 11:50:00
STAFF049,Dr./Nurse URO_SUR_1,Surgeon,Urology,2026-09-15 12:00:00,2026-09-15 18:00:00,AVAILABLE,OT004,SURG163,2026-09-15 13:50:00
STAFF053,Dr./Nurse URO_ANA_1,Anaesthetist,Urology,2026-09-15 12:00:00,2026-09-15 18:00:00,AVAILABLE,OT004,SURG163,2026-09-15 13:50:00
STAFF055,Dr./Nurse URO_NUR_1,Nurse,Urology,2026-09-15 12:00:00,2026-09-15 18:00:00,AVAILABLE,OT004,SURG163,2026-09-15 13:50:00
STAFF060,Dr./Nurse URO_TEC_2,Technician,Urology,2026-09-15 12:00:00,2026-09-15 18:00:00,AVAILABLE,OT004,SURG163,2026-09-15 13:50:00
STAFF014,Dr./Nurse CAR_SUR_2,Surgeon,Cardiology,2026-09-15 14:00:00,2026-09-15 21:00:00,AVAILABLE,OT001,SURG164,2026-09-15 15:50:00
STAFF018,Dr./Nurse CAR_ANA_2,Anaesthetist,Cardiology,2026-09-15 14:00:00,2026-09-15 21:00:00,AVAILABLE,OT001,SURG164,2026-09-15 15:50:00
STAFF021,Dr./Nurse CAR_NUR_3,Nurse,Cardiology,2026-09-15 14:00:00,2026-09-15 21:00:00,AVAILABLE,OT001,SURG164,2026-09-15 15:50:00
STAFF023,Dr./Nurse CAR_TEC_1,Technician,Cardiology,2026-09-15 14:00:00,2026-09-15 21:00:00,AVAILABLE,OT001,SURG164,2026-09-15 15:50:00
STAFF014,Dr./Nurse CAR_SUR_2,Surgeon,Cardiology,2026-09-15 16:00:00,2026-09-15 21:30:00,AVAILABLE,OT004,SURG165,2026-09-15 17:50:00
STAFF018,Dr./Nurse CAR_ANA_2,Anaesthetist,Cardiology,2026-09-15 16:00:00,2026-09-15 21:30:00,AVAILABLE,OT004,SURG165,2026-09-15 17:50:00
STAFF021,Dr./Nurse CAR_NUR_3,Nurse,Cardiology,2026-09-15 16:00:00,2026-09-15 21:30:00,AVAILABLE,OT004,SURG165,2026-09-15 17:50:00
STAFF024,Dr./Nurse CAR_TEC_2,Technician,Cardiology,2026-09-15 16:00:00,2026-09-15 21:30:00,AVAILABLE,OT004,SURG165,2026-09-15 17:50:00
STAFF049,Dr./Nurse URO_SUR_1,Surgeon,Urology,2026-09-15 18:00:00,2026-09-16 00:00:00,AVAILABLE,OT006,SURG166,2026-09-15 19:50:00
STAFF054,Dr./Nurse URO_ANA_2,Anaesthetist,Urology,2026-09-15 18:00:00,2026-09-16 00:00:00,AVAILABLE,OT006,SURG166,2026-09-15 19:50:00
STAFF057,Dr./Nurse URO_NUR_3,Nurse,Urology,2026-09-15 18:00:00,2026-09-16 00:00:00,AVAILABLE,OT006,SURG166,2026-09-15 19:50:00
STAFF059,Dr./Nurse URO_TEC_1,Technician,Urology,2026-09-15 18:00:00,2026-09-16 00:00:00,AVAILABLE,OT006,SURG166,2026-09-15 19:50:00
STAFF075,Dr./Nurse ENT_SUR_3,Surgeon,ENT,2026-09-15 20:00:00,2026-09-16 03:00:00,AVAILABLE,OT006,SURG167,2026-09-15 21:50:00
STAFF078,Dr./Nurse ENT_ANA_2,Anaesthetist,ENT,2026-09-15 20:00:00,2026-09-16 03:00:00,AVAILABLE,OT006,SURG167,2026-09-15 21:50:00
STAFF081,Dr./Nurse ENT_NUR_3,Nurse,ENT,2026-09-15 20:00:00,2026-09-16 03:00:00,AVAILABLE,OT006,SURG167,2026-09-15 21:50:00
STAFF083,Dr./Nurse ENT_TEC_1,Technician,ENT,2026-09-15 20:00:00,2026-09-16 03:00:00,AVAILABLE,OT006,SURG167,2026-09-15 21:50:00
STAFF039,Dr./Nurse NEU_SUR_3,Surgeon,Neurology,2026-09-15 06:00:00,2026-09-15 13:00:00,AVAILABLE,OT006,SURG168,2026-09-15 07:50:00
STAFF042,Dr./Nurse NEU_ANA_2,Anaesthetist,Neurology,2026-09-15 06:00:00,2026-09-15 13:00:00,AVAILABLE,OT006,SURG168,2026-09-15 07:50:00
STAFF046,Dr./Nurse NEU_NUR_4,Nurse,Neurology,2026-09-15 06:00:00,2026-09-15 13:00:00,AVAILABLE,OT006,SURG168,2026-09-15 07:50:00
STAFF048,Dr./Nurse NEU_TEC_2,Technician,Neurology,2026-09-15 06:00:00,2026-09-15 13:00:00,AVAILABLE,OT006,SURG168,2026-09-15 07:50:00
STAFF025,Dr./Nurse GEN_SUR_1,Surgeon,General Surgery,2026-09-15 08:00:00,2026-09-15 15:00:00,AVAILABLE,OT006,SURG169,2026-09-15 09:50:00
STAFF029,Dr./Nurse GEN_ANA_1,Anaesthetist,General Surgery,2026-09-15 08:00:00,2026-09-15 15:00:00,AVAILABLE,OT006,SURG169,2026-09-15 09:50:00
STAFF031,Dr./Nurse GEN_NUR_1,Nurse,General Surgery,2026-09-15 08:00:00,2026-09-15 15:00:00,AVAILABLE,OT006,SURG169,2026-09-15 09:50:00
STAFF036,Dr./Nurse GEN_TEC_2,Technician,General Surgery,2026-09-15 08:00:00,2026-09-15 15:00:00,AVAILABLE,OT006,SURG169,2026-09-15 09:50:00
STAFF016,Dr./Nurse CAR_SUR_4,Surgeon,Cardiology,2026-09-15 10:00:00,2026-09-15 15:00:00,AVAILABLE,OT004,SURG170,2026-09-15 11:50:00
STAFF017,Dr./Nurse CAR_ANA_1,Anaesthetist,Cardiology,2026-09-15 10:00:00,2026-09-15 15:00:00,AVAILABLE,OT004,SURG170,2026-09-15 11:50:00
STAFF019,Dr./Nurse CAR_NUR_1,Nurse,Cardiology,2026-09-15 10:00:00,2026-09-15 15:00:00,AVAILABLE,OT004,SURG170,2026-09-15 11:50:00
STAFF024,Dr./Nurse CAR_TEC_2,Technician,Cardiology,2026-09-15 10:00:00,2026-09-15 15:00:00,AVAILABLE,OT004,SURG170,2026-09-15 11:50:00
STAFF002,Dr./Nurse ORT_SUR_2,Surgeon,Orthopaedics,2026-09-15 12:00:00,2026-09-15 17:30:00,AVAILABLE,OT005,SURG171,2026-09-15 13:50:00
STAFF006,Dr./Nurse ORT_ANA_2,Anaesthetist,Orthopaedics,2026-09-15 12:00:00,2026-09-15 17:30:00,AVAILABLE,OT005,SURG171,2026-09-15 13:50:00
STAFF009,Dr./Nurse ORT_NUR_3,Nurse,Orthopaedics,2026-09-15 12:00:00,2026-09-15 17:30:00,AVAILABLE,OT005,SURG171,2026-09-15 13:50:00
STAFF012,Dr./Nurse ORT_TEC_2,Technician,Orthopaedics,2026-09-15 12:00:00,2026-09-15 17:30:00,AVAILABLE,OT005,SURG171,2026-09-15 13:50:00
STAFF061,Dr./Nurse OBS_SUR_1,Surgeon,Obstetrics & Gynaecology,2026-09-15 14:00:00,2026-09-15 20:30:00,AVAILABLE,OT002,SURG172,2026-09-15 15:50:00
STAFF065,Dr./Nurse OBS_ANA_1,Anaesthetist,Obstetrics & Gynaecology,2026-09-15 14:00:00,2026-09-15 20:30:00,AVAILABLE,OT002,SURG172,2026-09-15 15:50:00
STAFF067,Dr./Nurse OBS_NUR_1,Nurse,Obstetrics & Gynaecology,2026-09-15 14:00:00,2026-09-15 20:30:00,AVAILABLE,OT002,SURG172,2026-09-15 15:50:00
STAFF072,Dr./Nurse OBS_TEC_2,Technician,Obstetrics & Gynaecology,2026-09-15 14:00:00,2026-09-15 20:30:00,AVAILABLE,OT002,SURG172,2026-09-15 15:50:00
STAFF088,Dr./Nurse PLA_SUR_4,Surgeon,Plastic Surgery,2026-09-15 16:00:00,2026-09-15 21:00:00,AVAILABLE,OT007,SURG173,2026-09-15 17:50:00
STAFF090,Dr./Nurse PLA_ANA_2,Anaesthetist,Plastic Surgery,2026-09-15 16:00:00,2026-09-15 21:00:00,AVAILABLE,OT007,SURG173,2026-09-15 17:50:00
STAFF091,Dr./Nurse PLA_NUR_1,Nurse,Plastic Surgery,2026-09-15 16:00:00,2026-09-15 21:00:00,AVAILABLE,OT007,SURG173,2026-09-15 17:50:00
STAFF095,Dr./Nurse PLA_TEC_1,Technician,Plastic Surgery,2026-09-15 16:00:00,2026-09-15 21:00:00,AVAILABLE,OT007,SURG173,2026-09-15 17:50:00
STAFF086,Dr./Nurse PLA_SUR_2,Surgeon,Plastic Surgery,2026-09-15 18:00:00,2026-09-15 23:00:00,AVAILABLE,OT004,SURG174,2026-09-15 19:50:00
STAFF090,Dr./Nurse PLA_ANA_2,Anaesthetist,Plastic Surgery,2026-09-15 18:00:00,2026-09-15 23:00:00,AVAILABLE,OT004,SURG174,2026-09-15 19:50:00
STAFF091,Dr./Nurse PLA_NUR_1,Nurse,Plastic Surgery,2026-09-15 18:00:00,2026-09-15 23:00:00,AVAILABLE,OT004,SURG174,2026-09-15 19:50:00
STAFF095,Dr./Nurse PLA_TEC_1,Technician,Plastic Surgery,2026-09-15 18:00:00,2026-09-15 23:00:00,AVAILABLE,OT004,SURG174,2026-09-15 19:50:00
STAFF016,Dr./Nurse CAR_SUR_4,Surgeon,Cardiology,2026-09-15 20:00:00,2026-09-16 01:30:00,AVAILABLE,OT007,SURG175,2026-09-15 21:50:00
STAFF017,Dr./Nurse CAR_ANA_1,Anaesthetist,Cardiology,2026-09-15 20:00:00,2026-09-16 01:30:00,AVAILABLE,OT007,SURG175,2026-09-15 21:50:00
STAFF019,Dr./Nurse CAR_NUR_1,Nurse,Cardiology,2026-09-15 20:00:00,2026-09-16 01:30:00,AVAILABLE,OT007,SURG175,2026-09-15 21:50:00
STAFF024,Dr./Nurse CAR_TEC_2,Technician,Cardiology,2026-09-15 20:00:00,2026-09-16 01:30:00,AVAILABLE,OT007,SURG175,2026-09-15 21:50:00
STAFF073,Dr./Nurse ENT_SUR_1,Surgeon,ENT,2026-09-15 06:00:00,2026-09-15 11:00:00,AVAILABLE,OT002,SURG176,2026-09-15 07:50:00
STAFF078,Dr./Nurse ENT_ANA_2,Anaesthetist,ENT,2026-09-15 06:00:00,2026-09-15 11:00:00,AVAILABLE,OT002,SURG176,2026-09-15 07:50:00
STAFF082,Dr./Nurse ENT_NUR_4,Nurse,ENT,2026-09-15 06:00:00,2026-09-15 11:00:00,AVAILABLE,OT002,SURG176,2026-09-15 07:50:00
STAFF084,Dr./Nurse ENT_TEC_2,Technician,ENT,2026-09-15 06:00:00,2026-09-15 11:00:00,AVAILABLE,OT002,SURG176,2026-09-15 07:50:00
STAFF075,Dr./Nurse ENT_SUR_3,Surgeon,ENT,2026-09-15 08:00:00,2026-09-15 13:30:00,AVAILABLE,OT006,SURG177,2026-09-15 09:50:00
STAFF077,Dr./Nurse ENT_ANA_1,Anaesthetist,ENT,2026-09-15 08:00:00,2026-09-15 13:30:00,AVAILABLE,OT006,SURG177,2026-09-15 09:50:00
STAFF079,Dr./Nurse ENT_NUR_1,Nurse,ENT,2026-09-15 08:00:00,2026-09-15 13:30:00,AVAILABLE,OT006,SURG177,2026-09-15 09:50:00
STAFF083,Dr./Nurse ENT_TEC_1,Technician,ENT,2026-09-15 08:00:00,2026-09-15 13:30:00,AVAILABLE,OT006,SURG177,2026-09-15 09:50:00
STAFF073,Dr./Nurse ENT_SUR_1,Surgeon,ENT,2026-09-15 10:00:00,2026-09-15 16:30:00,AVAILABLE,OT003,SURG178,2026-09-15 11:50:00
STAFF077,Dr./Nurse ENT_ANA_1,Anaesthetist,ENT,2026-09-15 10:00:00,2026-09-15 16:30:00,AVAILABLE,OT003,SURG178,2026-09-15 11:50:00
STAFF079,Dr./Nurse ENT_NUR_1,Nurse,ENT,2026-09-15 10:00:00,2026-09-15 16:30:00,AVAILABLE,OT003,SURG178,2026-09-15 11:50:00
STAFF083,Dr./Nurse ENT_TEC_1,Technician,ENT,2026-09-15 10:00:00,2026-09-15 16:30:00,AVAILABLE,OT003,SURG178,2026-09-15 11:50:00
STAFF076,Dr./Nurse ENT_SUR_4,Surgeon,ENT,2026-09-15 12:00:00,2026-09-15 17:00:00,AVAILABLE,OT008,SURG179,2026-09-15 13:50:00
STAFF077,Dr./Nurse ENT_ANA_1,Anaesthetist,ENT,2026-09-15 12:00:00,2026-09-15 17:00:00,AVAILABLE,OT008,SURG179,2026-09-15 13:50:00
STAFF081,Dr./Nurse ENT_NUR_3,Nurse,ENT,2026-09-15 12:00:00,2026-09-15 17:00:00,AVAILABLE,OT008,SURG179,2026-09-15 13:50:00
STAFF084,Dr./Nurse ENT_TEC_2,Technician,ENT,2026-09-15 12:00:00,2026-09-15 17:00:00,AVAILABLE,OT008,SURG179,2026-09-15 13:50:00
STAFF037,Dr./Nurse NEU_SUR_1,Surgeon,Neurology,2026-09-15 14:00:00,2026-09-15 20:30:00,AVAILABLE,OT002,SURG180,2026-09-15 15:50:00
STAFF041,Dr./Nurse NEU_ANA_1,Anaesthetist,Neurology,2026-09-15 14:00:00,2026-09-15 20:30:00,AVAILABLE,OT002,SURG180,2026-09-15 15:50:00
STAFF046,Dr./Nurse NEU_NUR_4,Nurse,Neurology,2026-09-15 14:00:00,2026-09-15 20:30:00,AVAILABLE,OT002,SURG180,2026-09-15 15:50:00
STAFF048,Dr./Nurse NEU_TEC_2,Technician,Neurology,2026-09-15 14:00:00,2026-09-15 20:30:00,AVAILABLE,OT002,SURG180,2026-09-15 15:50:00
STAFF049,Dr./Nurse URO_SUR_1,Surgeon,Urology,2026-09-15 16:00:00,2026-09-15 22:30:00,AVAILABLE,OT006,SURG181,2026-09-15 17:50:00
STAFF053,Dr./Nurse URO_ANA_1,Anaesthetist,Urology,2026-09-15 16:00:00,2026-09-15 22:30:00,AVAILABLE,OT006,SURG181,2026-09-15 17:50:00
STAFF057,Dr./Nurse URO_NUR_3,Nurse,Urology,2026-09-15 16:00:00,2026-09-15 22:30:00,AVAILABLE,OT006,SURG181,2026-09-15 17:50:00
STAFF059,Dr./Nurse URO_TEC_1,Technician,Urology,2026-09-15 16:00:00,2026-09-15 22:30:00,AVAILABLE,OT006,SURG181,2026-09-15 17:50:00
STAFF075,Dr./Nurse ENT_SUR_3,Surgeon,ENT,2026-09-15 18:00:00,2026-09-16 00:30:00,AVAILABLE,OT006,SURG182,2026-09-15 19:50:00
STAFF077,Dr./Nurse ENT_ANA_1,Anaesthetist,ENT,2026-09-15 18:00:00,2026-09-16 00:30:00,AVAILABLE,OT006,SURG182,2026-09-15 19:50:00
STAFF082,Dr./Nurse ENT_NUR_4,Nurse,ENT,2026-09-15 18:00:00,2026-09-16 00:30:00,AVAILABLE,OT006,SURG182,2026-09-15 19:50:00
STAFF084,Dr./Nurse ENT_TEC_2,Technician,ENT,2026-09-15 18:00:00,2026-09-16 00:30:00,AVAILABLE,OT006,SURG182,2026-09-15 19:50:00
STAFF064,Dr./Nurse OBS_SUR_4,Surgeon,Obstetrics & Gynaecology,2026-09-15 20:00:00,2026-09-16 02:30:00,AVAILABLE,OT007,SURG183,2026-09-15 21:50:00
STAFF066,Dr./Nurse OBS_ANA_2,Anaesthetist,Obstetrics & Gynaecology,2026-09-15 20:00:00,2026-09-16 02:30:00,AVAILABLE,OT007,SURG183,2026-09-15 21:50:00
STAFF070,Dr./Nurse OBS_NUR_4,Nurse,Obstetrics & Gynaecology,2026-09-15 20:00:00,2026-09-16 02:30:00,AVAILABLE,OT007,SURG183,2026-09-15 21:50:00
STAFF072,Dr./Nurse OBS_TEC_2,Technician,Obstetrics & Gynaecology,2026-09-15 20:00:00,2026-09-16 02:30:00,AVAILABLE,OT007,SURG183,2026-09-15 21:50:00
STAFF027,Dr./Nurse GEN_SUR_3,Surgeon,General Surgery,2026-09-15 06:00:00,2026-09-15 12:30:00,AVAILABLE,OT004,SURG184,2026-09-15 07:50:00
STAFF029,Dr./Nurse GEN_ANA_1,Anaesthetist,General Surgery,2026-09-15 06:00:00,2026-09-15 12:30:00,AVAILABLE,OT004,SURG184,2026-09-15 07:50:00
STAFF034,Dr./Nurse GEN_NUR_4,Nurse,General Surgery,2026-09-15 06:00:00,2026-09-15 12:30:00,AVAILABLE,OT004,SURG184,2026-09-15 07:50:00
STAFF036,Dr./Nurse GEN_TEC_2,Technician,General Surgery,2026-09-15 06:00:00,2026-09-15 12:30:00,AVAILABLE,OT004,SURG184,2026-09-15 07:50:00
STAFF040,Dr./Nurse NEU_SUR_4,Surgeon,Neurology,2026-09-15 08:00:00,2026-09-15 13:30:00,AVAILABLE,OT005,SURG185,2026-09-15 09:50:00
STAFF042,Dr./Nurse NEU_ANA_2,Anaesthetist,Neurology,2026-09-15 08:00:00,2026-09-15 13:30:00,AVAILABLE,OT005,SURG185,2026-09-15 09:50:00
STAFF046,Dr./Nurse NEU_NUR_4,Nurse,Neurology,2026-09-15 08:00:00,2026-09-15 13:30:00,AVAILABLE,OT005,SURG185,2026-09-15 09:50:00
STAFF048,Dr./Nurse NEU_TEC_2,Technician,Neurology,2026-09-15 08:00:00,2026-09-15 13:30:00,AVAILABLE,OT005,SURG185,2026-09-15 09:50:00
STAFF013,Dr./Nurse CAR_SUR_1,Surgeon,Cardiology,2026-09-15 10:00:00,2026-09-15 15:30:00,AVAILABLE,OT006,SURG186,2026-09-15 11:50:00
STAFF018,Dr./Nurse CAR_ANA_2,Anaesthetist,Cardiology,2026-09-15 10:00:00,2026-09-15 15:30:00,AVAILABLE,OT006,SURG186,2026-09-15 11:50:00
STAFF021,Dr./Nurse CAR_NUR_3,Nurse,Cardiology,2026-09-15 10:00:00,2026-09-15 15:30:00,AVAILABLE,OT006,SURG186,2026-09-15 11:50:00
STAFF024,Dr./Nurse CAR_TEC_2,Technician,Cardiology,2026-09-15 10:00:00,2026-09-15 15:30:00,AVAILABLE,OT006,SURG186,2026-09-15 11:50:00
STAFF015,Dr./Nurse CAR_SUR_3,Surgeon,Cardiology,2026-09-15 12:00:00,2026-09-15 17:30:00,AVAILABLE,OT001,SURG187,2026-09-15 13:50:00
STAFF018,Dr./Nurse CAR_ANA_2,Anaesthetist,Cardiology,2026-09-15 12:00:00,2026-09-15 17:30:00,AVAILABLE,OT001,SURG187,2026-09-15 13:50:00
STAFF022,Dr./Nurse CAR_NUR_4,Nurse,Cardiology,2026-09-15 12:00:00,2026-09-15 17:30:00,AVAILABLE,OT001,SURG187,2026-09-15 13:50:00
STAFF023,Dr./Nurse CAR_TEC_1,Technician,Cardiology,2026-09-15 12:00:00,2026-09-15 17:30:00,AVAILABLE,OT001,SURG187,2026-09-15 13:50:00
STAFF086,Dr./Nurse PLA_SUR_2,Surgeon,Plastic Surgery,2026-09-15 14:00:00,2026-09-15 20:00:00,AVAILABLE,OT001,SURG188,2026-09-15 15:50:00
STAFF090,Dr./Nurse PLA_ANA_2,Anaesthetist,Plastic Surgery,2026-09-15 14:00:00,2026-09-15 20:00:00,AVAILABLE,OT001,SURG188,2026-09-15 15:50:00
STAFF093,Dr./Nurse PLA_NUR_3,Nurse,Plastic Surgery,2026-09-15 14:00:00,2026-09-15 20:00:00,AVAILABLE,OT001,SURG188,2026-09-15 15:50:00
STAFF096,Dr./Nurse PLA_TEC_2,Technician,Plastic Surgery,2026-09-15 14:00:00,2026-09-15 20:00:00,AVAILABLE,OT001,SURG188,2026-09-15 15:50:00
STAFF085,Dr./Nurse PLA_SUR_1,Surgeon,Plastic Surgery,2026-09-15 16:00:00,2026-09-15 22:30:00,AVAILABLE,OT004,SURG189,2026-09-15 17:50:00
STAFF089,Dr./Nurse PLA_ANA_1,Anaesthetist,Plastic Surgery,2026-09-15 16:00:00,2026-09-15 22:30:00,AVAILABLE,OT004,SURG189,2026-09-15 17:50:00
STAFF093,Dr./Nurse PLA_NUR_3,Nurse,Plastic Surgery,2026-09-15 16:00:00,2026-09-15 22:30:00,AVAILABLE,OT004,SURG189,2026-09-15 17:50:00
STAFF095,Dr./Nurse PLA_TEC_1,Technician,Plastic Surgery,2026-09-15 16:00:00,2026-09-15 22:30:00,AVAILABLE,OT004,SURG189,2026-09-15 17:50:00
STAFF028,Dr./Nurse GEN_SUR_4,Surgeon,General Surgery,2026-09-15 18:00:00,2026-09-16 01:00:00,AVAILABLE,OT003,SURG190,2026-09-15 19:50:00
STAFF029,Dr./Nurse GEN_ANA_1,Anaesthetist,General Surgery,2026-09-15 18:00:00,2026-09-16 01:00:00,AVAILABLE,OT003,SURG190,2026-09-15 19:50:00
STAFF032,Dr./Nurse GEN_NUR_2,Nurse,General Surgery,2026-09-15 18:00:00,2026-09-16 01:00:00,AVAILABLE,OT003,SURG190,2026-09-15 19:50:00
STAFF036,Dr./Nurse GEN_TEC_2,Technician,General Surgery,2026-09-15 18:00:00,2026-09-16 01:00:00,AVAILABLE,OT003,SURG190,2026-09-15 19:50:00
STAFF038,Dr./Nurse NEU_SUR_2,Surgeon,Neurology,2026-09-15 20:00:00,2026-09-16 03:00:00,AVAILABLE,OT001,SURG191,2026-09-15 21:50:00
STAFF042,Dr./Nurse NEU_ANA_2,Anaesthetist,Neurology,2026-09-15 20:00:00,2026-09-16 03:00:00,AVAILABLE,OT001,SURG191,2026-09-15 21:50:00
STAFF043,Dr./Nurse NEU_NUR_1,Nurse,Neurology,2026-09-15 20:00:00,2026-09-16 03:00:00,AVAILABLE,OT001,SURG191,2026-09-15 21:50:00
STAFF047,Dr./Nurse NEU_TEC_1,Technician,Neurology,2026-09-15 20:00:00,2026-09-16 03:00:00,AVAILABLE,OT001,SURG191,2026-09-15 21:50:00
STAFF064,Dr./Nurse OBS_SUR_4,Surgeon,Obstetrics & Gynaecology,2026-09-15 06:00:00,2026-09-15 12:30:00,AVAILABLE,OT006,SURG192,2026-09-15 07:50:00
STAFF066,Dr./Nurse OBS_ANA_2,Anaesthetist,Obstetrics & Gynaecology,2026-09-15 06:00:00,2026-09-15 12:30:00,AVAILABLE,OT006,SURG192,2026-09-15 07:50:00
STAFF067,Dr./Nurse OBS_NUR_1,Nurse,Obstetrics & Gynaecology,2026-09-15 06:00:00,2026-09-15 12:30:00,AVAILABLE,OT006,SURG192,2026-09-15 07:50:00
STAFF072,Dr./Nurse OBS_TEC_2,Technician,Obstetrics & Gynaecology,2026-09-15 06:00:00,2026-09-15 12:30:00,AVAILABLE,OT006,SURG192,2026-09-15 07:50:00
STAFF025,Dr./Nurse GEN_SUR_1,Surgeon,General Surgery,2026-09-16 08:00:00,2026-09-16 15:00:00,AVAILABLE,OT008,SURG193,2026-09-16 09:50:00
STAFF029,Dr./Nurse GEN_ANA_1,Anaesthetist,General Surgery,2026-09-16 08:00:00,2026-09-16 15:00:00,AVAILABLE,OT008,SURG193,2026-09-16 09:50:00
STAFF033,Dr./Nurse GEN_NUR_3,Nurse,General Surgery,2026-09-16 08:00:00,2026-09-16 15:00:00,AVAILABLE,OT008,SURG193,2026-09-16 09:50:00
STAFF035,Dr./Nurse GEN_TEC_1,Technician,General Surgery,2026-09-16 08:00:00,2026-09-16 15:00:00,AVAILABLE,OT008,SURG193,2026-09-16 09:50:00
STAFF026,Dr./Nurse GEN_SUR_2,Surgeon,General Surgery,2026-09-16 10:00:00,2026-09-16 16:30:00,AVAILABLE,OT006,SURG194,2026-09-16 11:50:00
STAFF030,Dr./Nurse GEN_ANA_2,Anaesthetist,General Surgery,2026-09-16 10:00:00,2026-09-16 16:30:00,AVAILABLE,OT006,SURG194,2026-09-16 11:50:00
STAFF032,Dr./Nurse GEN_NUR_2,Nurse,General Surgery,2026-09-16 10:00:00,2026-09-16 16:30:00,AVAILABLE,OT006,SURG194,2026-09-16 11:50:00
STAFF035,Dr./Nurse GEN_TEC_1,Technician,General Surgery,2026-09-16 10:00:00,2026-09-16 16:30:00,AVAILABLE,OT006,SURG194,2026-09-16 11:50:00
STAFF025,Dr./Nurse GEN_SUR_1,Surgeon,General Surgery,2026-09-16 12:00:00,2026-09-16 18:00:00,AVAILABLE,OT005,SURG195,2026-09-16 13:50:00
STAFF030,Dr./Nurse GEN_ANA_2,Anaesthetist,General Surgery,2026-09-16 12:00:00,2026-09-16 18:00:00,AVAILABLE,OT005,SURG195,2026-09-16 13:50:00
STAFF032,Dr./Nurse GEN_NUR_2,Nurse,General Surgery,2026-09-16 12:00:00,2026-09-16 18:00:00,AVAILABLE,OT005,SURG195,2026-09-16 13:50:00
STAFF035,Dr./Nurse GEN_TEC_1,Technician,General Surgery,2026-09-16 12:00:00,2026-09-16 18:00:00,AVAILABLE,OT005,SURG195,2026-09-16 13:50:00
STAFF074,Dr./Nurse ENT_SUR_2,Surgeon,ENT,2026-09-16 14:00:00,2026-09-16 20:30:00,AVAILABLE,OT008,SURG196,2026-09-16 15:50:00
STAFF077,Dr./Nurse ENT_ANA_1,Anaesthetist,ENT,2026-09-16 14:00:00,2026-09-16 20:30:00,AVAILABLE,OT008,SURG196,2026-09-16 15:50:00
STAFF079,Dr./Nurse ENT_NUR_1,Nurse,ENT,2026-09-16 14:00:00,2026-09-16 20:30:00,AVAILABLE,OT008,SURG196,2026-09-16 15:50:00
STAFF083,Dr./Nurse ENT_TEC_1,Technician,ENT,2026-09-16 14:00:00,2026-09-16 20:30:00,AVAILABLE,OT008,SURG196,2026-09-16 15:50:00
STAFF049,Dr./Nurse URO_SUR_1,Surgeon,Urology,2026-09-16 16:00:00,2026-09-16 23:00:00,AVAILABLE,OT001,SURG197,2026-09-16 17:50:00
STAFF053,Dr./Nurse URO_ANA_1,Anaesthetist,Urology,2026-09-16 16:00:00,2026-09-16 23:00:00,AVAILABLE,OT001,SURG197,2026-09-16 17:50:00
STAFF057,Dr./Nurse URO_NUR_3,Nurse,Urology,2026-09-16 16:00:00,2026-09-16 23:00:00,AVAILABLE,OT001,SURG197,2026-09-16 17:50:00
STAFF060,Dr./Nurse URO_TEC_2,Technician,Urology,2026-09-16 16:00:00,2026-09-16 23:00:00,AVAILABLE,OT001,SURG197,2026-09-16 17:50:00
STAFF037,Dr./Nurse NEU_SUR_1,Surgeon,Neurology,2026-09-16 18:00:00,2026-09-16 23:00:00,AVAILABLE,OT008,SURG198,2026-09-16 19:50:00
STAFF042,Dr./Nurse NEU_ANA_2,Anaesthetist,Neurology,2026-09-16 18:00:00,2026-09-16 23:00:00,AVAILABLE,OT008,SURG198,2026-09-16 19:50:00
STAFF045,Dr./Nurse NEU_NUR_3,Nurse,Neurology,2026-09-16 18:00:00,2026-09-16 23:00:00,AVAILABLE,OT008,SURG198,2026-09-16 19:50:00
STAFF048,Dr./Nurse NEU_TEC_2,Technician,Neurology,2026-09-16 18:00:00,2026-09-16 23:00:00,AVAILABLE,OT008,SURG198,2026-09-16 19:50:00
STAFF014,Dr./Nurse CAR_SUR_2,Surgeon,Cardiology,2026-09-16 20:00:00,2026-09-17 01:30:00,AVAILABLE,OT008,SURG199,2026-09-16 21:50:00
STAFF017,Dr./Nurse CAR_ANA_1,Anaesthetist,Cardiology,2026-09-16 20:00:00,2026-09-17 01:30:00,AVAILABLE,OT008,SURG199,2026-09-16 21:50:00
STAFF020,Dr./Nurse CAR_NUR_2,Nurse,Cardiology,2026-09-16 20:00:00,2026-09-17 01:30:00,AVAILABLE,OT008,SURG199,2026-09-16 21:50:00
STAFF023,Dr./Nurse CAR_TEC_1,Technician,Cardiology,2026-09-16 20:00:00,2026-09-17 01:30:00,AVAILABLE,OT008,SURG199,2026-09-16 21:50:00
STAFF051,Dr./Nurse URO_SUR_3,Surgeon,Urology,2026-09-16 06:00:00,2026-09-16 12:00:00,AVAILABLE,OT006,SURG200,2026-09-16 07:50:00
STAFF053,Dr./Nurse URO_ANA_1,Anaesthetist,Urology,2026-09-16 06:00:00,2026-09-16 12:00:00,AVAILABLE,OT006,SURG200,2026-09-16 07:50:00
STAFF056,Dr./Nurse URO_NUR_2,Nurse,Urology,2026-09-16 06:00:00,2026-09-16 12:00:00,AVAILABLE,OT006,SURG200,2026-09-16 07:50:00
STAFF060,Dr./Nurse URO_TEC_2,Technician,Urology,2026-09-16 06:00:00,2026-09-16 12:00:00,AVAILABLE,OT006,SURG200,2026-09-16 07:50:00
STAFF028,Dr./Nurse GEN_SUR_4,Surgeon,General Surgery,2026-09-16 08:00:00,2026-09-16 13:30:00,AVAILABLE,OT005,SURG201,2026-09-16 09:50:00
STAFF029,Dr./Nurse GEN_ANA_1,Anaesthetist,General Surgery,2026-09-16 08:00:00,2026-09-16 13:30:00,,OT005,SURG201,2026-09-16 08:00:00
STAFF033,Dr./Nurse GEN_NUR_3,Nurse,General Surgery,2026-09-16 08:00:00,2026-09-16 13:30:00,AVAILABLE,OT005,SURG201,2026-09-16 09:50:00
STAFF036,Dr./Nurse GEN_TEC_2,Technician,General Surgery,2026-09-16 08:00:00,2026-09-16 13:30:00,AVAILABLE,OT005,SURG201,2026-09-16 09:50:00
STAFF049,Dr./Nurse URO_SUR_1,Surgeon,Urology,2026-09-16 10:00:00,2026-09-16 16:30:00,AVAILABLE,OT007,SURG202,2026-09-16 11:50:00
STAFF054,Dr./Nurse URO_ANA_2,Anaesthetist,Urology,2026-09-16 10:00:00,2026-09-16 16:30:00,AVAILABLE,OT007,SURG202,2026-09-16 11:50:00
STAFF057,Dr./Nurse URO_NUR_3,Nurse,Urology,2026-09-16 10:00:00,2026-09-16 16:30:00,AVAILABLE,OT007,SURG202,2026-09-16 11:50:00
STAFF059,Dr./Nurse URO_TEC_1,Technician,Urology,2026-09-16 10:00:00,2026-09-16 16:30:00,AVAILABLE,OT007,SURG202,2026-09-16 11:50:00
STAFF075,Dr./Nurse ENT_SUR_3,Surgeon,ENT,2026-09-16 12:00:00,2026-09-16 18:30:00,AVAILABLE,OT004,SURG203,2026-09-16 13:50:00
STAFF077,Dr./Nurse ENT_ANA_1,Anaesthetist,ENT,2026-09-16 12:00:00,2026-09-16 18:30:00,AVAILABLE,OT004,SURG203,2026-09-16 13:50:00
STAFF079,Dr./Nurse ENT_NUR_1,Nurse,ENT,2026-09-16 12:00:00,2026-09-16 18:30:00,AVAILABLE,OT004,SURG203,2026-09-16 13:50:00
STAFF083,Dr./Nurse ENT_TEC_1,Technician,ENT,2026-09-16 12:00:00,2026-09-16 18:30:00,AVAILABLE,OT004,SURG203,2026-09-16 13:50:00
STAFF026,Dr./Nurse GEN_SUR_2,Surgeon,General Surgery,2026-09-16 14:00:00,2026-09-16 20:30:00,UNAVAILABLE,OT002,SURG204,2026-09-16 14:55:00
STAFF030,Dr./Nurse GEN_ANA_2,Anaesthetist,General Surgery,2026-09-16 14:00:00,2026-09-16 20:30:00,UNAVAILABLE,OT002,SURG204,2026-09-16 14:55:00
STAFF031,Dr./Nurse GEN_NUR_1,Nurse,General Surgery,2026-09-16 14:00:00,2026-09-16 20:30:00,AVAILABLE,OT002,SURG204,2026-09-16 14:55:00
STAFF036,Dr./Nurse GEN_TEC_2,Technician,General Surgery,2026-09-16 14:00:00,2026-09-16 20:30:00,AVAILABLE,OT002,SURG204,2026-09-16 14:55:00
STAFF073,Dr./Nurse ENT_SUR_1,Surgeon,ENT,2026-09-16 16:00:00,2026-09-16 21:30:00,AVAILABLE,OT001,SURG205,2026-09-16 17:50:00
STAFF077,Dr./Nurse ENT_ANA_1,Anaesthetist,ENT,2026-09-16 16:00:00,2026-09-16 21:30:00,AVAILABLE,OT001,SURG205,2026-09-16 17:50:00
STAFF082,Dr./Nurse ENT_NUR_4,Nurse,ENT,2026-09-16 16:00:00,2026-09-16 21:30:00,AVAILABLE,OT001,SURG205,2026-09-16 17:50:00
STAFF083,Dr./Nurse ENT_TEC_1,Technician,ENT,2026-09-16 16:00:00,2026-09-16 21:30:00,AVAILABLE,OT001,SURG205,2026-09-16 17:50:00
STAFF086,Dr./Nurse PLA_SUR_2,Surgeon,Plastic Surgery,2026-09-16 18:00:00,2026-09-16 23:00:00,AVAILABLE,OT004,SURG206,2026-09-16 19:50:00
STAFF090,Dr./Nurse PLA_ANA_2,Anaesthetist,Plastic Surgery,2026-09-16 18:00:00,2026-09-16 23:00:00,AVAILABLE,OT004,SURG206,2026-09-16 19:50:00
STAFF091,Dr./Nurse PLA_NUR_1,Nurse,Plastic Surgery,2026-09-16 18:00:00,2026-09-16 23:00:00,AVAILABLE,OT004,SURG206,2026-09-16 19:50:00
STAFF095,Dr./Nurse PLA_TEC_1,Technician,Plastic Surgery,2026-09-16 18:00:00,2026-09-16 23:00:00,AVAILABLE,OT004,SURG206,2026-09-16 19:50:00
STAFF016,Dr./Nurse CAR_SUR_4,Surgeon,Cardiology,2026-09-16 20:00:00,2026-09-17 02:00:00,AVAILABLE,OT002,SURG207,2026-09-16 21:50:00
STAFF017,Dr./Nurse CAR_ANA_1,Anaesthetist,Cardiology,2026-09-16 20:00:00,2026-09-17 02:00:00,AVAILABLE,OT002,SURG207,2026-09-16 21:50:00
STAFF020,Dr./Nurse CAR_NUR_2,Nurse,Cardiology,2026-09-16 20:00:00,2026-09-17 02:00:00,AVAILABLE,OT002,SURG207,2026-09-16 21:50:00
STAFF023,Dr./Nurse CAR_TEC_1,Technician,Cardiology,2026-09-16 20:00:00,2026-09-17 02:00:00,AVAILABLE,OT002,SURG207,2026-09-16 21:50:00
STAFF088,Dr./Nurse PLA_SUR_4,Surgeon,Plastic Surgery,2026-09-16 06:00:00,2026-09-16 11:30:00,AVAILABLE,OT003,SURG208,2026-09-16 07:50:00
STAFF089,Dr./Nurse PLA_ANA_1,Anaesthetist,Plastic Surgery,2026-09-16 06:00:00,2026-09-16 11:30:00,AVAILABLE,OT003,SURG208,2026-09-16 07:50:00
STAFF091,Dr./Nurse PLA_NUR_1,Nurse,Plastic Surgery,2026-09-16 06:00:00,2026-09-16 11:30:00,AVAILABLE,OT003,SURG208,2026-09-16 07:50:00
STAFF095,Dr./Nurse PLA_TEC_1,Technician,Plastic Surgery,2026-09-16 06:00:00,2026-09-16 11:30:00,AVAILABLE,OT003,SURG208,2026-09-16 07:50:00
STAFF075,Dr./Nurse ENT_SUR_3,Surgeon,ENT,2026-09-16 08:00:00,2026-09-16 14:30:00,STUCK_IN_TRAFFIC,OT002,SURG209,2026-09-16 09:50:00
STAFF077,Dr./Nurse ENT_ANA_1,Anaesthetist,ENT,2026-09-16 08:00:00,2026-09-16 14:30:00,STUCK_IN_TRAFFIC,OT002,SURG209,2026-09-16 09:50:00
STAFF081,Dr./Nurse ENT_NUR_3,Nurse,ENT,2026-09-16 08:00:00,2026-09-16 14:30:00,AVAILABLE,OT002,SURG209,2026-09-16 09:50:00
STAFF083,Dr./Nurse ENT_TEC_1,Technician,ENT,2026-09-16 08:00:00,2026-09-16 14:30:00,AVAILABLE,OT002,SURG209,2026-09-16 09:50:00
STAFF001,Dr./Nurse ORT_SUR_1,Surgeon,Orthopaedics,2026-09-16 10:00:00,2026-09-16 16:30:00,AVAILABLE,OT005,SURG210,2026-09-16 11:50:00
STAFF005,Dr./Nurse ORT_ANA_1,Anaesthetist,Orthopaedics,2026-09-16 10:00:00,2026-09-16 16:30:00,AVAILABLE,OT005,SURG210,2026-09-16 11:50:00
STAFF009,Dr./Nurse ORT_NUR_3,Nurse,Orthopaedics,2026-09-16 10:00:00,2026-09-16 16:30:00,AVAILABLE,OT005,SURG210,2026-09-16 11:50:00
STAFF012,Dr./Nurse ORT_TEC_2,Technician,Orthopaedics,2026-09-16 10:00:00,2026-09-16 16:30:00,AVAILABLE,OT005,SURG210,2026-09-16 11:50:00
STAFF073,Dr./Nurse ENT_SUR_1,Surgeon,ENT,2026-09-16 12:00:00,2026-09-16 19:00:00,AVAILABLE,OT007,SURG211,2026-09-16 13:50:00
STAFF077,Dr./Nurse ENT_ANA_1,Anaesthetist,ENT,2026-09-16 12:00:00,2026-09-16 19:00:00,AVAILABLE,OT007,SURG211,2026-09-16 13:50:00
STAFF079,Dr./Nurse ENT_NUR_1,Nurse,ENT,2026-09-16 12:00:00,2026-09-16 19:00:00,AVAILABLE,OT007,SURG211,2026-09-16 13:50:00
STAFF084,Dr./Nurse ENT_TEC_2,Technician,ENT,2026-09-16 12:00:00,2026-09-16 19:00:00,AVAILABLE,OT007,SURG211,2026-09-16 13:50:00
STAFF003,Dr./Nurse ORT_SUR_3,Surgeon,Orthopaedics,2026-09-16 14:00:00,2026-09-16 21:00:00,AVAILABLE,OT001,SURG212,2026-09-16 15:50:00
STAFF005,Dr./Nurse ORT_ANA_1,Anaesthetist,Orthopaedics,2026-09-16 14:00:00,2026-09-16 21:00:00,AVAILABLE,OT001,SURG212,2026-09-16 15:50:00
STAFF009,Dr./Nurse ORT_NUR_3,Nurse,Orthopaedics,2026-09-16 14:00:00,2026-09-16 21:00:00,AVAILABLE,OT001,SURG212,2026-09-16 15:50:00
STAFF011,Dr./Nurse ORT_TEC_1,Technician,Orthopaedics,2026-09-16 14:00:00,2026-09-16 21:00:00,AVAILABLE,OT001,SURG212,2026-09-16 15:50:00
STAFF064,Dr./Nurse OBS_SUR_4,Surgeon,Obstetrics & Gynaecology,2026-09-16 16:00:00,2026-09-16 23:00:00,AVAILABLE,OT003,SURG213,2026-09-16 17:50:00
STAFF065,Dr./Nurse OBS_ANA_1,Anaesthetist,Obstetrics & Gynaecology,2026-09-16 16:00:00,2026-09-16 23:00:00,AVAILABLE,OT003,SURG213,2026-09-16 17:50:00
STAFF067,Dr./Nurse OBS_NUR_1,Nurse,Obstetrics & Gynaecology,2026-09-16 16:00:00,2026-09-16 23:00:00,AVAILABLE,OT003,SURG213,2026-09-16 17:50:00
STAFF071,Dr./Nurse OBS_TEC_1,Technician,Obstetrics & Gynaecology,2026-09-16 16:00:00,2026-09-16 23:00:00,AVAILABLE,OT003,SURG213,2026-09-16 17:50:00
STAFF013,Dr./Nurse CAR_SUR_1,Surgeon,Cardiology,2026-09-16 18:00:00,2026-09-17 01:00:00,AVAILABLE,OT007,SURG214,2026-09-16 19:50:00
STAFF017,Dr./Nurse CAR_ANA_1,Anaesthetist,Cardiology,2026-09-16 18:00:00,2026-09-17 01:00:00,AVAILABLE,OT007,SURG214,2026-09-16 19:50:00
STAFF020,Dr./Nurse CAR_NUR_2,Nurse,Cardiology,2026-09-16 18:00:00,2026-09-17 01:00:00,AVAILABLE,OT007,SURG214,2026-09-16 19:50:00
STAFF023,Dr./Nurse CAR_TEC_1,Technician,Cardiology,2026-09-16 18:00:00,2026-09-17 01:00:00,AVAILABLE,OT007,SURG214,2026-09-16 19:50:00
STAFF061,Dr./Nurse OBS_SUR_1,Surgeon,Obstetrics & Gynaecology,2026-09-16 20:00:00,2026-09-17 01:30:00,AVAILABLE,OT008,SURG215,2026-09-16 21:50:00
STAFF066,Dr./Nurse OBS_ANA_2,Anaesthetist,Obstetrics & Gynaecology,2026-09-16 20:00:00,2026-09-17 01:30:00,AVAILABLE,OT008,SURG215,2026-09-16 21:50:00
STAFF070,Dr./Nurse OBS_NUR_4,Nurse,Obstetrics & Gynaecology,2026-09-16 20:00:00,2026-09-17 01:30:00,AVAILABLE,OT008,SURG215,2026-09-16 21:50:00
STAFF072,Dr./Nurse OBS_TEC_2,Technician,Obstetrics & Gynaecology,2026-09-16 20:00:00,2026-09-17 01:30:00,AVAILABLE,OT008,SURG215,2026-09-16 21:50:00
STAFF014,Dr./Nurse CAR_SUR_2,Surgeon,Cardiology,2026-09-16 06:00:00,2026-09-16 12:30:00,AVAILABLE,OT005,SURG216,2026-09-16 07:50:00
STAFF018,Dr./Nurse CAR_ANA_2,Anaesthetist,Cardiology,2026-09-16 06:00:00,2026-09-16 12:30:00,AVAILABLE,OT005,SURG216,2026-09-16 07:50:00
STAFF020,Dr./Nurse CAR_NUR_2,Nurse,Cardiology,2026-09-16 06:00:00,2026-09-16 12:30:00,AVAILABLE,OT005,SURG216,2026-09-16 07:50:00
STAFF024,Dr./Nurse CAR_TEC_2,Technician,Cardiology,2026-09-16 06:00:00,2026-09-16 12:30:00,AVAILABLE,OT005,SURG216,2026-09-16 07:50:00
STAFF037,Dr./Nurse NEU_SUR_1,Surgeon,Neurology,2026-09-16 08:00:00,2026-09-16 13:00:00,AVAILABLE,OT002,SURG217,2026-09-16 09:50:00
STAFF042,Dr./Nurse NEU_ANA_2,Anaesthetist,Neurology,2026-09-16 08:00:00,2026-09-16 13:00:00,AVAILABLE,OT002,SURG217,2026-09-16 09:50:00
STAFF045,Dr./Nurse NEU_NUR_3,Nurse,Neurology,2026-09-16 08:00:00,2026-09-16 13:00:00,AVAILABLE,OT002,SURG217,2026-09-16 09:50:00
STAFF048,Dr./Nurse NEU_TEC_2,Technician,Neurology,2026-09-16 08:00:00,2026-09-16 13:00:00,AVAILABLE,OT002,SURG217,2026-09-16 09:50:00
STAFF003,Dr./Nurse ORT_SUR_3,Surgeon,Orthopaedics,2026-09-16 10:00:00,2026-09-16 15:30:00,AVAILABLE,OT003,SURG218,2026-09-16 11:50:00
STAFF005,Dr./Nurse ORT_ANA_1,Anaesthetist,Orthopaedics,2026-09-16 10:00:00,2026-09-16 15:30:00,AVAILABLE,OT003,SURG218,2026-09-16 11:50:00
STAFF009,Dr./Nurse ORT_NUR_3,Nurse,Orthopaedics,2026-09-16 10:00:00,2026-09-16 15:30:00,AVAILABLE,OT003,SURG218,2026-09-16 11:50:00
STAFF011,Dr./Nurse ORT_TEC_1,Technician,Orthopaedics,2026-09-16 10:00:00,2026-09-16 15:30:00,AVAILABLE,OT003,SURG218,2026-09-16 11:50:00
STAFF039,Dr./Nurse NEU_SUR_3,Surgeon,Neurology,2026-09-16 12:00:00,2026-09-16 18:30:00,AVAILABLE,OT003,SURG219,2026-09-16 13:50:00
STAFF041,Dr./Nurse NEU_ANA_1,Anaesthetist,Neurology,2026-09-16 12:00:00,2026-09-16 18:30:00,AVAILABLE,OT003,SURG219,2026-09-16 13:50:00
STAFF046,Dr./Nurse NEU_NUR_4,Nurse,Neurology,2026-09-16 12:00:00,2026-09-16 18:30:00,AVAILABLE,OT003,SURG219,2026-09-16 13:50:00
STAFF047,Dr./Nurse NEU_TEC_1,Technician,Neurology,2026-09-16 12:00:00,2026-09-16 18:30:00,AVAILABLE,OT003,SURG219,2026-09-16 13:50:00
STAFF086,Dr./Nurse PLA_SUR_2,Surgeon,Plastic Surgery,2026-09-16 14:00:00,2026-09-16 21:00:00,AVAILABLE,OT004,SURG220,2026-09-16 15:50:00
STAFF089,Dr./Nurse PLA_ANA_1,Anaesthetist,Plastic Surgery,2026-09-16 14:00:00,2026-09-16 21:00:00,AVAILABLE,OT004,SURG220,2026-09-16 15:50:00
STAFF094,Dr./Nurse PLA_NUR_4,Nurse,Plastic Surgery,2026-09-16 14:00:00,2026-09-16 21:00:00,AVAILABLE,OT004,SURG220,2026-09-16 15:50:00
STAFF095,Dr./Nurse PLA_TEC_1,Technician,Plastic Surgery,2026-09-16 14:00:00,2026-09-16 21:00:00,AVAILABLE,OT004,SURG220,2026-09-16 15:50:00
STAFF001,Dr./Nurse ORT_SUR_1,Surgeon,Orthopaedics,2026-09-16 16:00:00,2026-09-16 21:00:00,AVAILABLE,OT006,SURG221,2026-09-16 17:50:00
STAFF005,Dr./Nurse ORT_ANA_1,Anaesthetist,Orthopaedics,2026-09-16 16:00:00,2026-09-16 21:00:00,AVAILABLE,OT006,SURG221,2026-09-16 17:50:00
STAFF008,Dr./Nurse ORT_NUR_2,Nurse,Orthopaedics,2026-09-16 16:00:00,2026-09-16 21:00:00,AVAILABLE,OT006,SURG221,2026-09-16 17:50:00
STAFF012,Dr./Nurse ORT_TEC_2,Technician,Orthopaedics,2026-09-16 16:00:00,2026-09-16 21:00:00,AVAILABLE,OT006,SURG221,2026-09-16 17:50:00
STAFF027,Dr./Nurse GEN_SUR_3,Surgeon,General Surgery,2026-09-16 18:00:00,2026-09-16 23:00:00,AVAILABLE,OT001,SURG222,2026-09-16 19:50:00
STAFF030,Dr./Nurse GEN_ANA_2,Anaesthetist,General Surgery,2026-09-16 18:00:00,2026-09-16 23:00:00,AVAILABLE,OT001,SURG222,2026-09-16 19:50:00
STAFF031,Dr./Nurse GEN_NUR_1,Nurse,General Surgery,2026-09-16 18:00:00,2026-09-16 23:00:00,AVAILABLE,OT001,SURG222,2026-09-16 19:50:00
STAFF035,Dr./Nurse GEN_TEC_1,Technician,General Surgery,2026-09-16 18:00:00,2026-09-16 23:00:00,AVAILABLE,OT001,SURG222,2026-09-16 19:50:00
STAFF003,Dr./Nurse ORT_SUR_3,Surgeon,Orthopaedics,2026-09-16 20:00:00,2026-09-17 01:30:00,AVAILABLE,OT002,SURG223,2026-09-16 20:55:00
STAFF006,Dr./Nurse ORT_ANA_2,Anaesthetist,Orthopaedics,2026-09-16 20:00:00,2026-09-17 01:30:00,AVAILABLE,OT002,SURG223,2026-09-16 20:55:00
STAFF010,Dr./Nurse ORT_NUR_4,Nurse,Orthopaedics,2026-09-16 20:00:00,2026-09-17 01:30:00,AVAILABLE,OT002,SURG223,2026-09-16 20:55:00
STAFF012,Dr./Nurse ORT_TEC_2,Technician,Orthopaedics,2026-09-16 20:00:00,2026-09-17 01:30:00,AVAILABLE,OT002,SURG223,2026-09-16 20:55:00
STAFF025,Dr./Nurse GEN_SUR_1,Surgeon,General Surgery,2026-09-16 06:00:00,2026-09-16 11:30:00,AVAILABLE,OT002,SURG224,2026-09-16 07:50:00
STAFF030,Dr./Nurse GEN_ANA_2,Anaesthetist,General Surgery,2026-09-16 06:00:00,2026-09-16 11:30:00,AVAILABLE,OT002,SURG224,2026-09-16 07:50:00
STAFF032,Dr./Nurse GEN_NUR_2,Nurse,General Surgery,2026-09-16 06:00:00,2026-09-16 11:30:00,AVAILABLE,OT002,SURG224,2026-09-16 07:50:00
STAFF036,Dr./Nurse GEN_TEC_2,Technician,General Surgery,2026-09-16 06:00:00,2026-09-16 11:30:00,AVAILABLE,OT002,SURG224,2026-09-16 07:50:00
STAFF050,Dr./Nurse URO_SUR_2,Surgeon,Urology,2026-09-17 08:00:00,2026-09-17 13:00:00,AVAILABLE,OT008,SURG225,2026-09-17 09:50:00
STAFF054,Dr./Nurse URO_ANA_2,Anaesthetist,Urology,2026-09-17 08:00:00,2026-09-17 13:00:00,AVAILABLE,OT008,SURG225,2026-09-17 09:50:00
STAFF056,Dr./Nurse URO_NUR_2,Nurse,Urology,2026-09-17 08:00:00,2026-09-17 13:00:00,AVAILABLE,OT008,SURG225,2026-09-17 09:50:00
STAFF059,Dr./Nurse URO_TEC_1,Technician,Urology,2026-09-17 08:00:00,2026-09-17 13:00:00,AVAILABLE,OT008,SURG225,2026-09-17 09:50:00
STAFF049,Dr./Nurse URO_SUR_1,Surgeon,Urology,2026-09-17 10:00:00,2026-09-17 15:30:00,AVAILABLE,OT001,SURG226,2026-09-17 10:55:00
STAFF054,Dr./Nurse URO_ANA_2,Anaesthetist,Urology,2026-09-17 10:00:00,2026-09-17 15:30:00,,OT001,SURG226,2026-09-17 10:00:00
STAFF055,Dr./Nurse URO_NUR_1,Nurse,Urology,2026-09-17 10:00:00,2026-09-17 15:30:00,AVAILABLE,OT001,SURG226,2026-09-17 10:55:00
STAFF059,Dr./Nurse URO_TEC_1,Technician,Urology,2026-09-17 10:00:00,2026-09-17 15:30:00,AVAILABLE,OT001,SURG226,2026-09-17 10:55:00
STAFF037,Dr./Nurse NEU_SUR_1,Surgeon,Neurology,2026-09-17 12:00:00,2026-09-17 18:00:00,AVAILABLE,OT003,SURG227,2026-09-17 13:50:00
STAFF041,Dr./Nurse NEU_ANA_1,Anaesthetist,Neurology,2026-09-17 12:00:00,2026-09-17 18:00:00,AVAILABLE,OT003,SURG227,2026-09-17 13:50:00
STAFF043,Dr./Nurse NEU_NUR_1,Nurse,Neurology,2026-09-17 12:00:00,2026-09-17 18:00:00,AVAILABLE,OT003,SURG227,2026-09-17 13:50:00
STAFF047,Dr./Nurse NEU_TEC_1,Technician,Neurology,2026-09-17 12:00:00,2026-09-17 18:00:00,AVAILABLE,OT003,SURG227,2026-09-17 13:50:00
STAFF013,Dr./Nurse CAR_SUR_1,Surgeon,Cardiology,2026-09-17 14:00:00,2026-09-17 19:00:00,AVAILABLE,OT003,SURG228,2026-09-17 15:50:00
STAFF018,Dr./Nurse CAR_ANA_2,Anaesthetist,Cardiology,2026-09-17 14:00:00,2026-09-17 19:00:00,AVAILABLE,OT003,SURG228,2026-09-17 15:50:00
STAFF022,Dr./Nurse CAR_NUR_4,Nurse,Cardiology,2026-09-17 14:00:00,2026-09-17 19:00:00,AVAILABLE,OT003,SURG228,2026-09-17 15:50:00
STAFF023,Dr./Nurse CAR_TEC_1,Technician,Cardiology,2026-09-17 14:00:00,2026-09-17 19:00:00,AVAILABLE,OT003,SURG228,2026-09-17 15:50:00
STAFF026,Dr./Nurse GEN_SUR_2,Surgeon,General Surgery,2026-09-17 16:00:00,2026-09-17 22:00:00,AVAILABLE,OT004,SURG229,2026-09-17 17:50:00
STAFF030,Dr./Nurse GEN_ANA_2,Anaesthetist,General Surgery,2026-09-17 16:00:00,2026-09-17 22:00:00,AVAILABLE,OT004,SURG229,2026-09-17 17:50:00
STAFF034,Dr./Nurse GEN_NUR_4,Nurse,General Surgery,2026-09-17 16:00:00,2026-09-17 22:00:00,AVAILABLE,OT004,SURG229,2026-09-17 17:50:00
STAFF036,Dr./Nurse GEN_TEC_2,Technician,General Surgery,2026-09-17 16:00:00,2026-09-17 22:00:00,AVAILABLE,OT004,SURG229,2026-09-17 17:50:00
STAFF014,Dr./Nurse CAR_SUR_2,Surgeon,Cardiology,2026-09-17 18:00:00,2026-09-18 00:30:00,AVAILABLE,OT001,SURG230,2026-09-17 19:50:00
STAFF017,Dr./Nurse CAR_ANA_1,Anaesthetist,Cardiology,2026-09-17 18:00:00,2026-09-18 00:30:00,AVAILABLE,OT001,SURG230,2026-09-17 19:50:00
STAFF022,Dr./Nurse CAR_NUR_4,Nurse,Cardiology,2026-09-17 18:00:00,2026-09-18 00:30:00,AVAILABLE,OT001,SURG230,2026-09-17 19:50:00
STAFF024,Dr./Nurse CAR_TEC_2,Technician,Cardiology,2026-09-17 18:00:00,2026-09-18 00:30:00,AVAILABLE,OT001,SURG230,2026-09-17 19:50:00
STAFF061,Dr./Nurse OBS_SUR_1,Surgeon,Obstetrics & Gynaecology,2026-09-17 20:00:00,2026-09-18 02:30:00,AVAILABLE,OT008,SURG231,2026-09-17 21:50:00
STAFF066,Dr./Nurse OBS_ANA_2,Anaesthetist,Obstetrics & Gynaecology,2026-09-17 20:00:00,2026-09-18 02:30:00,AVAILABLE,OT008,SURG231,2026-09-17 21:50:00
STAFF069,Dr./Nurse OBS_NUR_3,Nurse,Obstetrics & Gynaecology,2026-09-17 20:00:00,2026-09-18 02:30:00,AVAILABLE,OT008,SURG231,2026-09-17 21:50:00
STAFF071,Dr./Nurse OBS_TEC_1,Technician,Obstetrics & Gynaecology,2026-09-17 20:00:00,2026-09-18 02:30:00,AVAILABLE,OT008,SURG231,2026-09-17 21:50:00
STAFF002,Dr./Nurse ORT_SUR_2,Surgeon,Orthopaedics,2026-09-17 06:00:00,2026-09-17 13:00:00,AVAILABLE,OT005,SURG232,2026-09-17 07:50:00
STAFF005,Dr./Nurse ORT_ANA_1,Anaesthetist,Orthopaedics,2026-09-17 06:00:00,2026-09-17 13:00:00,AVAILABLE,OT005,SURG232,2026-09-17 07:50:00
STAFF008,Dr./Nurse ORT_NUR_2,Nurse,Orthopaedics,2026-09-17 06:00:00,2026-09-17 13:00:00,AVAILABLE,OT005,SURG232,2026-09-17 07:50:00
STAFF012,Dr./Nurse ORT_TEC_2,Technician,Orthopaedics,2026-09-17 06:00:00,2026-09-17 13:00:00,AVAILABLE,OT005,SURG232,2026-09-17 07:50:00
STAFF062,Dr./Nurse OBS_SUR_2,Surgeon,Obstetrics & Gynaecology,2026-09-17 08:00:00,2026-09-17 15:00:00,AVAILABLE,OT001,SURG233,2026-09-17 09:50:00
STAFF066,Dr./Nurse OBS_ANA_2,Anaesthetist,Obstetrics & Gynaecology,2026-09-17 08:00:00,2026-09-17 15:00:00,AVAILABLE,OT001,SURG233,2026-09-17 09:50:00
STAFF067,Dr./Nurse OBS_NUR_1,Nurse,Obstetrics & Gynaecology,2026-09-17 08:00:00,2026-09-17 15:00:00,AVAILABLE,OT001,SURG233,2026-09-17 09:50:00
STAFF071,Dr./Nurse OBS_TEC_1,Technician,Obstetrics & Gynaecology,2026-09-17 08:00:00,2026-09-17 15:00:00,AVAILABLE,OT001,SURG233,2026-09-17 09:50:00
STAFF038,Dr./Nurse NEU_SUR_2,Surgeon,Neurology,2026-09-17 10:00:00,2026-09-17 17:00:00,AVAILABLE,OT004,SURG234,2026-09-17 11:50:00
STAFF042,Dr./Nurse NEU_ANA_2,Anaesthetist,Neurology,2026-09-17 10:00:00,2026-09-17 17:00:00,AVAILABLE,OT004,SURG234,2026-09-17 11:50:00
STAFF044,Dr./Nurse NEU_NUR_2,Nurse,Neurology,2026-09-17 10:00:00,2026-09-17 17:00:00,AVAILABLE,OT004,SURG234,2026-09-17 11:50:00
STAFF048,Dr./Nurse NEU_TEC_2,Technician,Neurology,2026-09-17 10:00:00,2026-09-17 17:00:00,AVAILABLE,OT004,SURG234,2026-09-17 11:50:00
STAFF027,Dr./Nurse GEN_SUR_3,Surgeon,General Surgery,2026-09-17 12:00:00,2026-09-17 17:00:00,AVAILABLE,OT001,SURG235,2026-09-17 13:50:00
STAFF030,Dr./Nurse GEN_ANA_2,Anaesthetist,General Surgery,2026-09-17 12:00:00,2026-09-17 17:00:00,AVAILABLE,OT001,SURG235,2026-09-17 13:50:00
STAFF031,Dr./Nurse GEN_NUR_1,Nurse,General Surgery,2026-09-17 12:00:00,2026-09-17 17:00:00,AVAILABLE,OT001,SURG235,2026-09-17 13:50:00
STAFF036,Dr./Nurse GEN_TEC_2,Technician,General Surgery,2026-09-17 12:00:00,2026-09-17 17:00:00,AVAILABLE,OT001,SURG235,2026-09-17 13:50:00
STAFF026,Dr./Nurse GEN_SUR_2,Surgeon,General Surgery,2026-09-17 14:00:00,2026-09-17 20:30:00,AVAILABLE,OT006,SURG236,2026-09-17 15:50:00
STAFF030,Dr./Nurse GEN_ANA_2,Anaesthetist,General Surgery,2026-09-17 14:00:00,2026-09-17 20:30:00,AVAILABLE,OT006,SURG236,2026-09-17 15:50:00
STAFF032,Dr./Nurse GEN_NUR_2,Nurse,General Surgery,2026-09-17 14:00:00,2026-09-17 20:30:00,AVAILABLE,OT006,SURG236,2026-09-17 15:50:00
STAFF035,Dr./Nurse GEN_TEC_1,Technician,General Surgery,2026-09-17 14:00:00,2026-09-17 20:30:00,AVAILABLE,OT006,SURG236,2026-09-17 15:50:00
STAFF050,Dr./Nurse URO_SUR_2,Surgeon,Urology,2026-09-17 16:00:00,2026-09-17 21:30:00,AVAILABLE,OT005,SURG237,2026-09-17 17:50:00
STAFF054,Dr./Nurse URO_ANA_2,Anaesthetist,Urology,2026-09-17 16:00:00,2026-09-17 21:30:00,AVAILABLE,OT005,SURG237,2026-09-17 17:50:00
STAFF056,Dr./Nurse URO_NUR_2,Nurse,Urology,2026-09-17 16:00:00,2026-09-17 21:30:00,AVAILABLE,OT005,SURG237,2026-09-17 17:50:00
STAFF059,Dr./Nurse URO_TEC_1,Technician,Urology,2026-09-17 16:00:00,2026-09-17 21:30:00,AVAILABLE,OT005,SURG237,2026-09-17 17:50:00
STAFF061,Dr./Nurse OBS_SUR_1,Surgeon,Obstetrics & Gynaecology,2026-09-17 18:00:00,2026-09-17 23:30:00,AVAILABLE,OT003,SURG238,2026-09-17 19:50:00
STAFF066,Dr./Nurse OBS_ANA_2,Anaesthetist,Obstetrics & Gynaecology,2026-09-17 18:00:00,2026-09-17 23:30:00,AVAILABLE,OT003,SURG238,2026-09-17 19:50:00
STAFF070,Dr./Nurse OBS_NUR_4,Nurse,Obstetrics & Gynaecology,2026-09-17 18:00:00,2026-09-17 23:30:00,AVAILABLE,OT003,SURG238,2026-09-17 19:50:00
STAFF071,Dr./Nurse OBS_TEC_1,Technician,Obstetrics & Gynaecology,2026-09-17 18:00:00,2026-09-17 23:30:00,AVAILABLE,OT003,SURG238,2026-09-17 19:50:00
STAFF037,Dr./Nurse NEU_SUR_1,Surgeon,Neurology,2026-09-17 20:00:00,2026-09-18 02:00:00,AVAILABLE,OT004,SURG239,2026-09-17 21:50:00
STAFF042,Dr./Nurse NEU_ANA_2,Anaesthetist,Neurology,2026-09-17 20:00:00,2026-09-18 02:00:00,AVAILABLE,OT004,SURG239,2026-09-17 21:50:00
STAFF046,Dr./Nurse NEU_NUR_4,Nurse,Neurology,2026-09-17 20:00:00,2026-09-18 02:00:00,AVAILABLE,OT004,SURG239,2026-09-17 21:50:00
STAFF048,Dr./Nurse NEU_TEC_2,Technician,Neurology,2026-09-17 20:00:00,2026-09-18 02:00:00,AVAILABLE,OT004,SURG239,2026-09-17 21:50:00
STAFF086,Dr./Nurse PLA_SUR_2,Surgeon,Plastic Surgery,2026-09-17 06:00:00,2026-09-17 12:00:00,AVAILABLE,OT007,SURG240,2026-09-17 07:50:00
STAFF089,Dr./Nurse PLA_ANA_1,Anaesthetist,Plastic Surgery,2026-09-17 06:00:00,2026-09-17 12:00:00,AVAILABLE,OT007,SURG240,2026-09-17 07:50:00
STAFF094,Dr./Nurse PLA_NUR_4,Nurse,Plastic Surgery,2026-09-17 06:00:00,2026-09-17 12:00:00,AVAILABLE,OT007,SURG240,2026-09-17 07:50:00
STAFF095,Dr./Nurse PLA_TEC_1,Technician,Plastic Surgery,2026-09-17 06:00:00,2026-09-17 12:00:00,AVAILABLE,OT007,SURG240,2026-09-17 07:50:00
STAFF002,Dr./Nurse ORT_SUR_2,Surgeon,Orthopaedics,2026-09-17 08:00:00,2026-09-17 14:00:00,AVAILABLE,OT005,SURG241,2026-09-17 09:50:00
STAFF006,Dr./Nurse ORT_ANA_2,Anaesthetist,Orthopaedics,2026-09-17 08:00:00,2026-09-17 14:00:00,AVAILABLE,OT005,SURG241,2026-09-17 09:50:00
STAFF008,Dr./Nurse ORT_NUR_2,Nurse,Orthopaedics,2026-09-17 08:00:00,2026-09-17 14:00:00,AVAILABLE,OT005,SURG241,2026-09-17 09:50:00
STAFF011,Dr./Nurse ORT_TEC_1,Technician,Orthopaedics,2026-09-17 08:00:00,2026-09-17 14:00:00,AVAILABLE,OT005,SURG241,2026-09-17 09:50:00
STAFF086,Dr./Nurse PLA_SUR_2,Surgeon,Plastic Surgery,2026-09-17 10:00:00,2026-09-17 16:30:00,AVAILABLE,OT006,SURG242,2026-09-17 11:50:00
STAFF089,Dr./Nurse PLA_ANA_1,Anaesthetist,Plastic Surgery,2026-09-17 10:00:00,2026-09-17 16:30:00,AVAILABLE,OT006,SURG242,2026-09-17 11:50:00
STAFF091,Dr./Nurse PLA_NUR_1,Nurse,Plastic Surgery,2026-09-17 10:00:00,2026-09-17 16:30:00,AVAILABLE,OT006,SURG242,2026-09-17 11:50:00
STAFF096,Dr./Nurse PLA_TEC_2,Technician,Plastic Surgery,2026-09-17 10:00:00,2026-09-17 16:30:00,AVAILABLE,OT006,SURG242,2026-09-17 11:50:00
STAFF073,Dr./Nurse ENT_SUR_1,Surgeon,ENT,2026-09-17 12:00:00,2026-09-17 18:00:00,AVAILABLE,OT004,SURG243,2026-09-17 13:50:00
STAFF078,Dr./Nurse ENT_ANA_2,Anaesthetist,ENT,2026-09-17 12:00:00,2026-09-17 18:00:00,AVAILABLE,OT004,SURG243,2026-09-17 13:50:00
STAFF079,Dr./Nurse ENT_NUR_1,Nurse,ENT,2026-09-17 12:00:00,2026-09-17 18:00:00,AVAILABLE,OT004,SURG243,2026-09-17 13:50:00
STAFF084,Dr./Nurse ENT_TEC_2,Technician,ENT,2026-09-17 12:00:00,2026-09-17 18:00:00,AVAILABLE,OT004,SURG243,2026-09-17 13:50:00
STAFF016,Dr./Nurse CAR_SUR_4,Surgeon,Cardiology,2026-09-17 14:00:00,2026-09-17 19:30:00,AVAILABLE,OT004,SURG244,2026-09-17 15:50:00
STAFF018,Dr./Nurse CAR_ANA_2,Anaesthetist,Cardiology,2026-09-17 14:00:00,2026-09-17 19:30:00,AVAILABLE,OT004,SURG244,2026-09-17 15:50:00
STAFF021,Dr./Nurse CAR_NUR_3,Nurse,Cardiology,2026-09-17 14:00:00,2026-09-17 19:30:00,AVAILABLE,OT004,SURG244,2026-09-17 15:50:00
STAFF023,Dr./Nurse CAR_TEC_1,Technician,Cardiology,2026-09-17 14:00:00,2026-09-17 19:30:00,AVAILABLE,OT004,SURG244,2026-09-17 15:50:00
STAFF062,Dr./Nurse OBS_SUR_2,Surgeon,Obstetrics & Gynaecology,2026-09-17 16:00:00,2026-09-17 22:00:00,AVAILABLE,OT003,SURG245,2026-09-17 17:50:00
STAFF066,Dr./Nurse OBS_ANA_2,Anaesthetist,Obstetrics & Gynaecology,2026-09-17 16:00:00,2026-09-17 22:00:00,AVAILABLE,OT003,SURG245,2026-09-17 17:50:00
STAFF067,Dr./Nurse OBS_NUR_1,Nurse,Obstetrics & Gynaecology,2026-09-17 16:00:00,2026-09-17 22:00:00,AVAILABLE,OT003,SURG245,2026-09-17 17:50:00
STAFF071,Dr./Nurse OBS_TEC_1,Technician,Obstetrics & Gynaecology,2026-09-17 16:00:00,2026-09-17 22:00:00,AVAILABLE,OT003,SURG245,2026-09-17 17:50:00
STAFF076,Dr./Nurse ENT_SUR_4,Surgeon,ENT,2026-09-17 18:00:00,2026-09-18 01:00:00,AVAILABLE,OT006,SURG246,2026-09-17 18:55:00
STAFF077,Dr./Nurse ENT_ANA_1,Anaesthetist,ENT,2026-09-17 18:00:00,2026-09-18 01:00:00,AVAILABLE,OT006,SURG246,2026-09-17 18:55:00
STAFF082,Dr./Nurse ENT_NUR_4,Nurse,ENT,2026-09-17 18:00:00,2026-09-18 01:00:00,AVAILABLE,OT006,SURG246,2026-09-17 18:55:00
STAFF084,Dr./Nurse ENT_TEC_2,Technician,ENT,2026-09-17 18:00:00,2026-09-18 01:00:00,AVAILABLE,OT006,SURG246,2026-09-17 18:55:00
STAFF014,Dr./Nurse CAR_SUR_2,Surgeon,Cardiology,2026-09-17 20:00:00,2026-09-18 01:30:00,AVAILABLE,OT003,SURG247,2026-09-17 21:50:00
STAFF017,Dr./Nurse CAR_ANA_1,Anaesthetist,Cardiology,2026-09-17 20:00:00,2026-09-18 01:30:00,AVAILABLE,OT003,SURG247,2026-09-17 21:50:00
STAFF019,Dr./Nurse CAR_NUR_1,Nurse,Cardiology,2026-09-17 20:00:00,2026-09-18 01:30:00,AVAILABLE,OT003,SURG247,2026-09-17 21:50:00
STAFF024,Dr./Nurse CAR_TEC_2,Technician,Cardiology,2026-09-17 20:00:00,2026-09-18 01:30:00,AVAILABLE,OT003,SURG247,2026-09-17 21:50:00
STAFF040,Dr./Nurse NEU_SUR_4,Surgeon,Neurology,2026-09-17 06:00:00,2026-09-17 13:00:00,AVAILABLE,OT007,SURG248,2026-09-17 07:50:00
STAFF041,Dr./Nurse NEU_ANA_1,Anaesthetist,Neurology,2026-09-17 06:00:00,2026-09-17 13:00:00,AVAILABLE,OT007,SURG248,2026-09-17 07:50:00
STAFF046,Dr./Nurse NEU_NUR_4,Nurse,Neurology,2026-09-17 06:00:00,2026-09-17 13:00:00,AVAILABLE,OT007,SURG248,2026-09-17 07:50:00
STAFF047,Dr./Nurse NEU_TEC_1,Technician,Neurology,2026-09-17 06:00:00,2026-09-17 13:00:00,AVAILABLE,OT007,SURG248,2026-09-17 07:50:00
STAFF027,Dr./Nurse GEN_SUR_3,Surgeon,General Surgery,2026-09-17 08:00:00,2026-09-17 13:00:00,AVAILABLE,OT003,SURG249,2026-09-17 09:50:00
STAFF030,Dr./Nurse GEN_ANA_2,Anaesthetist,General Surgery,2026-09-17 08:00:00,2026-09-17 13:00:00,AVAILABLE,OT003,SURG249,2026-09-17 09:50:00
STAFF033,Dr./Nurse GEN_NUR_3,Nurse,General Surgery,2026-09-17 08:00:00,2026-09-17 13:00:00,AVAILABLE,OT003,SURG249,2026-09-17 09:50:00
STAFF036,Dr./Nurse GEN_TEC_2,Technician,General Surgery,2026-09-17 08:00:00,2026-09-17 13:00:00,AVAILABLE,OT003,SURG249,2026-09-17 09:50:00
STAFF004,Dr./Nurse ORT_SUR_4,Surgeon,Orthopaedics,2026-09-17 10:00:00,2026-09-17 16:00:00,AVAILABLE,OT008,SURG250,2026-09-17 11:50:00
STAFF006,Dr./Nurse ORT_ANA_2,Anaesthetist,Orthopaedics,2026-09-17 10:00:00,2026-09-17 16:00:00,AVAILABLE,OT008,SURG250,2026-09-17 11:50:00
STAFF008,Dr./Nurse ORT_NUR_2,Nurse,Orthopaedics,2026-09-17 10:00:00,2026-09-17 16:00:00,AVAILABLE,OT008,SURG250,2026-09-17 11:50:00
STAFF011,Dr./Nurse ORT_TEC_1,Technician,Orthopaedics,2026-09-17 10:00:00,2026-09-17 16:00:00,AVAILABLE,OT008,SURG250,2026-09-17 11:50:00
STAFF063,Dr./Nurse OBS_SUR_3,Surgeon,Obstetrics & Gynaecology,2026-09-17 12:00:00,2026-09-17 18:00:00,AVAILABLE,OT005,SURG251,2026-09-17 13:50:00
STAFF066,Dr./Nurse OBS_ANA_2,Anaesthetist,Obstetrics & Gynaecology,2026-09-17 12:00:00,2026-09-17 18:00:00,AVAILABLE,OT005,SURG251,2026-09-17 13:50:00
STAFF067,Dr./Nurse OBS_NUR_1,Nurse,Obstetrics & Gynaecology,2026-09-17 12:00:00,2026-09-17 18:00:00,AVAILABLE,OT005,SURG251,2026-09-17 13:50:00
STAFF071,Dr./Nurse OBS_TEC_1,Technician,Obstetrics & Gynaecology,2026-09-17 12:00:00,2026-09-17 18:00:00,AVAILABLE,OT005,SURG251,2026-09-17 13:50:00
STAFF088,Dr./Nurse PLA_SUR_4,Surgeon,Plastic Surgery,2026-09-17 14:00:00,2026-09-17 20:00:00,AVAILABLE,OT005,SURG252,2026-09-17 15:50:00
STAFF089,Dr./Nurse PLA_ANA_1,Anaesthetist,Plastic Surgery,2026-09-17 14:00:00,2026-09-17 20:00:00,AVAILABLE,OT005,SURG252,2026-09-17 15:50:00
STAFF094,Dr./Nurse PLA_NUR_4,Nurse,Plastic Surgery,2026-09-17 14:00:00,2026-09-17 20:00:00,AVAILABLE,OT005,SURG252,2026-09-17 15:50:00
STAFF096,Dr./Nurse PLA_TEC_2,Technician,Plastic Surgery,2026-09-17 14:00:00,2026-09-17 20:00:00,AVAILABLE,OT005,SURG252,2026-09-17 15:50:00
STAFF025,Dr./Nurse GEN_SUR_1,Surgeon,General Surgery,2026-09-17 16:00:00,2026-09-17 22:00:00,AVAILABLE,OT001,SURG253,2026-09-17 17:50:00
STAFF029,Dr./Nurse GEN_ANA_1,Anaesthetist,General Surgery,2026-09-17 16:00:00,2026-09-17 22:00:00,AVAILABLE,OT001,SURG253,2026-09-17 17:50:00
STAFF032,Dr./Nurse GEN_NUR_2,Nurse,General Surgery,2026-09-17 16:00:00,2026-09-17 22:00:00,AVAILABLE,OT001,SURG253,2026-09-17 17:50:00
STAFF035,Dr./Nurse GEN_TEC_1,Technician,General Surgery,2026-09-17 16:00:00,2026-09-17 22:00:00,AVAILABLE,OT001,SURG253,2026-09-17 17:50:00
STAFF003,Dr./Nurse ORT_SUR_3,Surgeon,Orthopaedics,2026-09-17 18:00:00,2026-09-17 23:00:00,AVAILABLE,OT004,SURG254,2026-09-17 19:50:00
STAFF006,Dr./Nurse ORT_ANA_2,Anaesthetist,Orthopaedics,2026-09-17 18:00:00,2026-09-17 23:00:00,AVAILABLE,OT004,SURG254,2026-09-17 19:50:00
STAFF010,Dr./Nurse ORT_NUR_4,Nurse,Orthopaedics,2026-09-17 18:00:00,2026-09-17 23:00:00,AVAILABLE,OT004,SURG254,2026-09-17 19:50:00
STAFF011,Dr./Nurse ORT_TEC_1,Technician,Orthopaedics,2026-09-17 18:00:00,2026-09-17 23:00:00,AVAILABLE,OT004,SURG254,2026-09-17 19:50:00
STAFF063,Dr./Nurse OBS_SUR_3,Surgeon,Obstetrics & Gynaecology,2026-09-17 20:00:00,2026-09-18 03:00:00,AVAILABLE,OT004,SURG255,2026-09-17 21:50:00
STAFF065,Dr./Nurse OBS_ANA_1,Anaesthetist,Obstetrics & Gynaecology,2026-09-17 20:00:00,2026-09-18 03:00:00,AVAILABLE,OT004,SURG255,2026-09-17 21:50:00
STAFF069,Dr./Nurse OBS_NUR_3,Nurse,Obstetrics & Gynaecology,2026-09-17 20:00:00,2026-09-18 03:00:00,AVAILABLE,OT004,SURG255,2026-09-17 21:50:00
STAFF071,Dr./Nurse OBS_TEC_1,Technician,Obstetrics & Gynaecology,2026-09-17 20:00:00,2026-09-18 03:00:00,AVAILABLE,OT004,SURG255,2026-09-17 21:50:00
STAFF074,Dr./Nurse ENT_SUR_2,Surgeon,ENT,2026-09-17 06:00:00,2026-09-17 11:30:00,AVAILABLE,OT001,SURG256,2026-09-17 07:50:00
STAFF077,Dr./Nurse ENT_ANA_1,Anaesthetist,ENT,2026-09-17 06:00:00,2026-09-17 11:30:00,AVAILABLE,OT001,SURG256,2026-09-17 07:50:00
STAFF081,Dr./Nurse ENT_NUR_3,Nurse,ENT,2026-09-17 06:00:00,2026-09-17 11:30:00,AVAILABLE,OT001,SURG256,2026-09-17 07:50:00
STAFF084,Dr./Nurse ENT_TEC_2,Technician,ENT,2026-09-17 06:00:00,2026-09-17 11:30:00,AVAILABLE,OT001,SURG256,2026-09-17 07:50:00
STAFF087,Dr./Nurse PLA_SUR_3,Surgeon,Plastic Surgery,2026-09-18 08:00:00,2026-09-18 13:30:00,AVAILABLE,OT001,SURG257,2026-09-18 09:50:00
STAFF090,Dr./Nurse PLA_ANA_2,Anaesthetist,Plastic Surgery,2026-09-18 08:00:00,2026-09-18 13:30:00,AVAILABLE,OT001,SURG257,2026-09-18 09:50:00
STAFF093,Dr./Nurse PLA_NUR_3,Nurse,Plastic Surgery,2026-09-18 08:00:00,2026-09-18 13:30:00,AVAILABLE,OT001,SURG257,2026-09-18 09:50:00
STAFF096,Dr./Nurse PLA_TEC_2,Technician,Plastic Surgery,2026-09-18 08:00:00,2026-09-18 13:30:00,AVAILABLE,OT001,SURG257,2026-09-18 09:50:00
STAFF085,Dr./Nurse PLA_SUR_1,Surgeon,Plastic Surgery,2026-09-18 10:00:00,2026-09-18 15:30:00,AVAILABLE,OT006,SURG258,2026-09-18 11:50:00
STAFF090,Dr./Nurse PLA_ANA_2,Anaesthetist,Plastic Surgery,2026-09-18 10:00:00,2026-09-18 15:30:00,AVAILABLE,OT006,SURG258,2026-09-18 11:50:00
STAFF093,Dr./Nurse PLA_NUR_3,Nurse,Plastic Surgery,2026-09-18 10:00:00,2026-09-18 15:30:00,AVAILABLE,OT006,SURG258,2026-09-18 11:50:00
STAFF096,Dr./Nurse PLA_TEC_2,Technician,Plastic Surgery,2026-09-18 10:00:00,2026-09-18 15:30:00,AVAILABLE,OT006,SURG258,2026-09-18 11:50:00
STAFF015,Dr./Nurse CAR_SUR_3,Surgeon,Cardiology,2026-09-18 12:00:00,2026-09-18 18:00:00,AVAILABLE,OT008,SURG259,2026-09-18 13:50:00
STAFF017,Dr./Nurse CAR_ANA_1,Anaesthetist,Cardiology,2026-09-18 12:00:00,2026-09-18 18:00:00,AVAILABLE,OT008,SURG259,2026-09-18 13:50:00
STAFF020,Dr./Nurse CAR_NUR_2,Nurse,Cardiology,2026-09-18 12:00:00,2026-09-18 18:00:00,AVAILABLE,OT008,SURG259,2026-09-18 13:50:00
STAFF023,Dr./Nurse CAR_TEC_1,Technician,Cardiology,2026-09-18 12:00:00,2026-09-18 18:00:00,AVAILABLE,OT008,SURG259,2026-09-18 13:50:00
STAFF064,Dr./Nurse OBS_SUR_4,Surgeon,Obstetrics & Gynaecology,2026-09-18 14:00:00,2026-09-18 19:00:00,AVAILABLE,OT007,SURG260,2026-09-18 15:50:00
STAFF066,Dr./Nurse OBS_ANA_2,Anaesthetist,Obstetrics & Gynaecology,2026-09-18 14:00:00,2026-09-18 19:00:00,AVAILABLE,OT007,SURG260,2026-09-18 15:50:00
STAFF070,Dr./Nurse OBS_NUR_4,Nurse,Obstetrics & Gynaecology,2026-09-18 14:00:00,2026-09-18 19:00:00,AVAILABLE,OT007,SURG260,2026-09-18 15:50:00
STAFF071,Dr./Nurse OBS_TEC_1,Technician,Obstetrics & Gynaecology,2026-09-18 14:00:00,2026-09-18 19:00:00,AVAILABLE,OT007,SURG260,2026-09-18 15:50:00
STAFF039,Dr./Nurse NEU_SUR_3,Surgeon,Neurology,2026-09-18 16:00:00,2026-09-18 22:00:00,AVAILABLE,OT006,SURG261,2026-09-18 17:50:00
STAFF041,Dr./Nurse NEU_ANA_1,Anaesthetist,Neurology,2026-09-18 16:00:00,2026-09-18 22:00:00,AVAILABLE,OT006,SURG261,2026-09-18 17:50:00
STAFF046,Dr./Nurse NEU_NUR_4,Nurse,Neurology,2026-09-18 16:00:00,2026-09-18 22:00:00,AVAILABLE,OT006,SURG261,2026-09-18 17:50:00
STAFF047,Dr./Nurse NEU_TEC_1,Technician,Neurology,2026-09-18 16:00:00,2026-09-18 22:00:00,AVAILABLE,OT006,SURG261,2026-09-18 17:50:00
STAFF063,Dr./Nurse OBS_SUR_3,Surgeon,Obstetrics & Gynaecology,2026-09-18 18:00:00,2026-09-18 23:30:00,AVAILABLE,OT003,SURG262,2026-09-18 19:50:00
STAFF066,Dr./Nurse OBS_ANA_2,Anaesthetist,Obstetrics & Gynaecology,2026-09-18 18:00:00,2026-09-18 23:30:00,AVAILABLE,OT003,SURG262,2026-09-18 19:50:00
STAFF069,Dr./Nurse OBS_NUR_3,Nurse,Obstetrics & Gynaecology,2026-09-18 18:00:00,2026-09-18 23:30:00,AVAILABLE,OT003,SURG262,2026-09-18 19:50:00
STAFF072,Dr./Nurse OBS_TEC_2,Technician,Obstetrics & Gynaecology,2026-09-18 18:00:00,2026-09-18 23:30:00,AVAILABLE,OT003,SURG262,2026-09-18 19:50:00
STAFF086,Dr./Nurse PLA_SUR_2,Surgeon,Plastic Surgery,2026-09-18 20:00:00,2026-09-19 03:00:00,AVAILABLE,OT002,SURG263,2026-09-18 21:50:00
STAFF089,Dr./Nurse PLA_ANA_1,Anaesthetist,Plastic Surgery,2026-09-18 20:00:00,2026-09-19 03:00:00,AVAILABLE,OT002,SURG263,2026-09-18 21:50:00
STAFF094,Dr./Nurse PLA_NUR_4,Nurse,Plastic Surgery,2026-09-18 20:00:00,2026-09-19 03:00:00,AVAILABLE,OT002,SURG263,2026-09-18 21:50:00
STAFF096,Dr./Nurse PLA_TEC_2,Technician,Plastic Surgery,2026-09-18 20:00:00,2026-09-19 03:00:00,AVAILABLE,OT002,SURG263,2026-09-18 21:50:00
STAFF027,Dr./Nurse GEN_SUR_3,Surgeon,General Surgery,2026-09-18 06:00:00,2026-09-18 11:30:00,AVAILABLE,OT001,SURG264,2026-09-18 07:50:00
STAFF029,Dr./Nurse GEN_ANA_1,Anaesthetist,General Surgery,2026-09-18 06:00:00,2026-09-18 11:30:00,AVAILABLE,OT001,SURG264,2026-09-18 07:50:00
STAFF031,Dr./Nurse GEN_NUR_1,Nurse,General Surgery,2026-09-18 06:00:00,2026-09-18 11:30:00,AVAILABLE,OT001,SURG264,2026-09-18 07:50:00
STAFF036,Dr./Nurse GEN_TEC_2,Technician,General Surgery,2026-09-18 06:00:00,2026-09-18 11:30:00,AVAILABLE,OT001,SURG264,2026-09-18 07:50:00
STAFF062,Dr./Nurse OBS_SUR_2,Surgeon,Obstetrics & Gynaecology,2026-09-18 08:00:00,2026-09-18 13:00:00,AVAILABLE,OT003,SURG265,2026-09-18 09:50:00
STAFF066,Dr./Nurse OBS_ANA_2,Anaesthetist,Obstetrics & Gynaecology,2026-09-18 08:00:00,2026-09-18 13:00:00,AVAILABLE,OT003,SURG265,2026-09-18 09:50:00
STAFF067,Dr./Nurse OBS_NUR_1,Nurse,Obstetrics & Gynaecology,2026-09-18 08:00:00,2026-09-18 13:00:00,AVAILABLE,OT003,SURG265,2026-09-18 09:50:00
STAFF071,Dr./Nurse OBS_TEC_1,Technician,Obstetrics & Gynaecology,2026-09-18 08:00:00,2026-09-18 13:00:00,AVAILABLE,OT003,SURG265,2026-09-18 09:50:00
STAFF075,Dr./Nurse ENT_SUR_3,Surgeon,ENT,2026-09-18 10:00:00,2026-09-18 16:30:00,AVAILABLE,OT007,SURG266,2026-09-18 11:50:00
STAFF077,Dr./Nurse ENT_ANA_1,Anaesthetist,ENT,2026-09-18 10:00:00,2026-09-18 16:30:00,AVAILABLE,OT007,SURG266,2026-09-18 11:50:00
STAFF081,Dr./Nurse ENT_NUR_3,Nurse,ENT,2026-09-18 10:00:00,2026-09-18 16:30:00,AVAILABLE,OT007,SURG266,2026-09-18 11:50:00
STAFF083,Dr./Nurse ENT_TEC_1,Technician,ENT,2026-09-18 10:00:00,2026-09-18 16:30:00,AVAILABLE,OT007,SURG266,2026-09-18 11:50:00
STAFF037,Dr./Nurse NEU_SUR_1,Surgeon,Neurology,2026-09-18 12:00:00,2026-09-18 18:00:00,AVAILABLE,OT001,SURG267,2026-09-18 13:50:00
STAFF041,Dr./Nurse NEU_ANA_1,Anaesthetist,Neurology,2026-09-18 12:00:00,2026-09-18 18:00:00,AVAILABLE,OT001,SURG267,2026-09-18 13:50:00
STAFF045,Dr./Nurse NEU_NUR_3,Nurse,Neurology,2026-09-18 12:00:00,2026-09-18 18:00:00,AVAILABLE,OT001,SURG267,2026-09-18 13:50:00
STAFF048,Dr./Nurse NEU_TEC_2,Technician,Neurology,2026-09-18 12:00:00,2026-09-18 18:00:00,AVAILABLE,OT001,SURG267,2026-09-18 13:50:00
STAFF074,Dr./Nurse ENT_SUR_2,Surgeon,ENT,2026-09-18 14:00:00,2026-09-18 20:00:00,AVAILABLE,OT006,SURG268,2026-09-18 15:50:00
STAFF077,Dr./Nurse ENT_ANA_1,Anaesthetist,ENT,2026-09-18 14:00:00,2026-09-18 20:00:00,AVAILABLE,OT006,SURG268,2026-09-18 15:50:00
STAFF082,Dr./Nurse ENT_NUR_4,Nurse,ENT,2026-09-18 14:00:00,2026-09-18 20:00:00,AVAILABLE,OT006,SURG268,2026-09-18 15:50:00
STAFF083,Dr./Nurse ENT_TEC_1,Technician,ENT,2026-09-18 14:00:00,2026-09-18 20:00:00,AVAILABLE,OT006,SURG268,2026-09-18 15:50:00
STAFF027,Dr./Nurse GEN_SUR_3,Surgeon,General Surgery,2026-09-18 16:00:00,2026-09-18 21:00:00,AVAILABLE,OT004,SURG269,2026-09-18 17:50:00
STAFF029,Dr./Nurse GEN_ANA_1,Anaesthetist,General Surgery,2026-09-18 16:00:00,2026-09-18 21:00:00,AVAILABLE,OT004,SURG269,2026-09-18 17:50:00
STAFF034,Dr./Nurse GEN_NUR_4,Nurse,General Surgery,2026-09-18 16:00:00,2026-09-18 21:00:00,AVAILABLE,OT004,SURG269,2026-09-18 17:50:00
STAFF036,Dr./Nurse GEN_TEC_2,Technician,General Surgery,2026-09-18 16:00:00,2026-09-18 21:00:00,AVAILABLE,OT004,SURG269,2026-09-18 17:50:00
STAFF016,Dr./Nurse CAR_SUR_4,Surgeon,Cardiology,2026-09-18 18:00:00,2026-09-18 23:00:00,AVAILABLE,OT001,SURG270,2026-09-18 19:50:00
STAFF017,Dr./Nurse CAR_ANA_1,Anaesthetist,Cardiology,2026-09-18 18:00:00,2026-09-18 23:00:00,AVAILABLE,OT001,SURG270,2026-09-18 19:50:00
STAFF021,Dr./Nurse CAR_NUR_3,Nurse,Cardiology,2026-09-18 18:00:00,2026-09-18 23:00:00,AVAILABLE,OT001,SURG270,2026-09-18 19:50:00
STAFF024,Dr./Nurse CAR_TEC_2,Technician,Cardiology,2026-09-18 18:00:00,2026-09-18 23:00:00,AVAILABLE,OT001,SURG270,2026-09-18 19:50:00
STAFF004,Dr./Nurse ORT_SUR_4,Surgeon,Orthopaedics,2026-09-18 20:00:00,2026-09-19 02:30:00,AVAILABLE,OT004,SURG271,2026-09-18 21:50:00
STAFF005,Dr./Nurse ORT_ANA_1,Anaesthetist,Orthopaedics,2026-09-18 20:00:00,2026-09-19 02:30:00,AVAILABLE,OT004,SURG271,2026-09-18 21:50:00
STAFF007,Dr./Nurse ORT_NUR_1,Nurse,Orthopaedics,2026-09-18 20:00:00,2026-09-19 02:30:00,AVAILABLE,OT004,SURG271,2026-09-18 21:50:00
STAFF012,Dr./Nurse ORT_TEC_2,Technician,Orthopaedics,2026-09-18 20:00:00,2026-09-19 02:30:00,AVAILABLE,OT004,SURG271,2026-09-18 21:50:00
STAFF087,Dr./Nurse PLA_SUR_3,Surgeon,Plastic Surgery,2026-09-18 06:00:00,2026-09-18 13:00:00,AVAILABLE,OT002,SURG272,2026-09-18 06:55:00
STAFF090,Dr./Nurse PLA_ANA_2,Anaesthetist,Plastic Surgery,2026-09-18 06:00:00,2026-09-18 13:00:00,AVAILABLE,OT002,SURG272,2026-09-18 06:55:00
STAFF093,Dr./Nurse PLA_NUR_3,Nurse,Plastic Surgery,2026-09-18 06:00:00,2026-09-18 13:00:00,AVAILABLE,OT002,SURG272,2026-09-18 06:55:00
STAFF095,Dr./Nurse PLA_TEC_1,Technician,Plastic Surgery,2026-09-18 06:00:00,2026-09-18 13:00:00,AVAILABLE,OT002,SURG272,2026-09-18 06:55:00
STAFF061,Dr./Nurse OBS_SUR_1,Surgeon,Obstetrics & Gynaecology,2026-09-18 08:00:00,2026-09-18 13:00:00,AVAILABLE,OT008,SURG273,2026-09-18 09:50:00
STAFF066,Dr./Nurse OBS_ANA_2,Anaesthetist,Obstetrics & Gynaecology,2026-09-18 08:00:00,2026-09-18 13:00:00,AVAILABLE,OT008,SURG273,2026-09-18 09:50:00
STAFF068,Dr./Nurse OBS_NUR_2,Nurse,Obstetrics & Gynaecology,2026-09-18 08:00:00,2026-09-18 13:00:00,AVAILABLE,OT008,SURG273,2026-09-18 09:50:00
STAFF072,Dr./Nurse OBS_TEC_2,Technician,Obstetrics & Gynaecology,2026-09-18 08:00:00,2026-09-18 13:00:00,AVAILABLE,OT008,SURG273,2026-09-18 09:50:00
STAFF087,Dr./Nurse PLA_SUR_3,Surgeon,Plastic Surgery,2026-09-18 10:00:00,2026-09-18 15:00:00,AVAILABLE,OT005,SURG274,2026-09-18 11:50:00
STAFF090,Dr./Nurse PLA_ANA_2,Anaesthetist,Plastic Surgery,2026-09-18 10:00:00,2026-09-18 15:00:00,AVAILABLE,OT005,SURG274,2026-09-18 11:50:00
STAFF094,Dr./Nurse PLA_NUR_4,Nurse,Plastic Surgery,2026-09-18 10:00:00,2026-09-18 15:00:00,AVAILABLE,OT005,SURG274,2026-09-18 11:50:00
STAFF095,Dr./Nurse PLA_TEC_1,Technician,Plastic Surgery,2026-09-18 10:00:00,2026-09-18 15:00:00,AVAILABLE,OT005,SURG274,2026-09-18 11:50:00
STAFF001,Dr./Nurse ORT_SUR_1,Surgeon,Orthopaedics,2026-09-18 12:00:00,2026-09-18 17:30:00,AVAILABLE,OT001,SURG275,2026-09-18 13:50:00
STAFF006,Dr./Nurse ORT_ANA_2,Anaesthetist,Orthopaedics,2026-09-18 12:00:00,2026-09-18 17:30:00,AVAILABLE,OT001,SURG275,2026-09-18 13:50:00
STAFF009,Dr./Nurse ORT_NUR_3,Nurse,Orthopaedics,2026-09-18 12:00:00,2026-09-18 17:30:00,AVAILABLE,OT001,SURG275,2026-09-18 13:50:00
STAFF011,Dr./Nurse ORT_TEC_1,Technician,Orthopaedics,2026-09-18 12:00:00,2026-09-18 17:30:00,AVAILABLE,OT001,SURG275,2026-09-18 13:50:00
STAFF074,Dr./Nurse ENT_SUR_2,Surgeon,ENT,2026-09-18 14:00:00,2026-09-18 20:00:00,AVAILABLE,OT007,SURG276,2026-09-18 15:50:00
STAFF077,Dr./Nurse ENT_ANA_1,Anaesthetist,ENT,2026-09-18 14:00:00,2026-09-18 20:00:00,AVAILABLE,OT007,SURG276,2026-09-18 15:50:00
STAFF080,Dr./Nurse ENT_NUR_2,Nurse,ENT,2026-09-18 14:00:00,2026-09-18 20:00:00,AVAILABLE,OT007,SURG276,2026-09-18 15:50:00
STAFF083,Dr./Nurse ENT_TEC_1,Technician,ENT,2026-09-18 14:00:00,2026-09-18 20:00:00,AVAILABLE,OT007,SURG276,2026-09-18 15:50:00
STAFF075,Dr./Nurse ENT_SUR_3,Surgeon,ENT,2026-09-18 16:00:00,2026-09-18 23:00:00,AVAILABLE,OT002,SURG277,2026-09-18 17:50:00
STAFF077,Dr./Nurse ENT_ANA_1,Anaesthetist,ENT,2026-09-18 16:00:00,2026-09-18 23:00:00,AVAILABLE,OT002,SURG277,2026-09-18 17:50:00
STAFF080,Dr./Nurse ENT_NUR_2,Nurse,ENT,2026-09-18 16:00:00,2026-09-18 23:00:00,AVAILABLE,OT002,SURG277,2026-09-18 17:50:00
STAFF084,Dr./Nurse ENT_TEC_2,Technician,ENT,2026-09-18 16:00:00,2026-09-18 23:00:00,AVAILABLE,OT002,SURG277,2026-09-18 17:50:00
STAFF076,Dr./Nurse ENT_SUR_4,Surgeon,ENT,2026-09-18 18:00:00,2026-09-18 23:00:00,AVAILABLE,OT002,SURG278,2026-09-18 19:50:00
STAFF077,Dr./Nurse ENT_ANA_1,Anaesthetist,ENT,2026-09-18 18:00:00,2026-09-18 23:00:00,AVAILABLE,OT002,SURG278,2026-09-18 19:50:00
STAFF082,Dr./Nurse ENT_NUR_4,Nurse,ENT,2026-09-18 18:00:00,2026-09-18 23:00:00,AVAILABLE,OT002,SURG278,2026-09-18 19:50:00
STAFF084,Dr./Nurse ENT_TEC_2,Technician,ENT,2026-09-18 18:00:00,2026-09-18 23:00:00,AVAILABLE,OT002,SURG278,2026-09-18 19:50:00
STAFF002,Dr./Nurse ORT_SUR_2,Surgeon,Orthopaedics,2026-09-18 20:00:00,2026-09-19 01:30:00,AVAILABLE,OT003,SURG279,2026-09-18 21:50:00
STAFF005,Dr./Nurse ORT_ANA_1,Anaesthetist,Orthopaedics,2026-09-18 20:00:00,2026-09-19 01:30:00,AVAILABLE,OT003,SURG279,2026-09-18 21:50:00
STAFF010,Dr./Nurse ORT_NUR_4,Nurse,Orthopaedics,2026-09-18 20:00:00,2026-09-19 01:30:00,AVAILABLE,OT003,SURG279,2026-09-18 21:50:00
STAFF012,Dr./Nurse ORT_TEC_2,Technician,Orthopaedics,2026-09-18 20:00:00,2026-09-19 01:30:00,AVAILABLE,OT003,SURG279,2026-09-18 21:50:00
STAFF052,Dr./Nurse URO_SUR_4,Surgeon,Urology,2026-09-18 06:00:00,2026-09-18 13:00:00,AVAILABLE,OT006,SURG280,2026-09-18 07:50:00
STAFF054,Dr./Nurse URO_ANA_2,Anaesthetist,Urology,2026-09-18 06:00:00,2026-09-18 13:00:00,AVAILABLE,OT006,SURG280,2026-09-18 07:50:00
STAFF055,Dr./Nurse URO_NUR_1,Nurse,Urology,2026-09-18 06:00:00,2026-09-18 13:00:00,AVAILABLE,OT006,SURG280,2026-09-18 07:50:00
STAFF060,Dr./Nurse URO_TEC_2,Technician,Urology,2026-09-18 06:00:00,2026-09-18 13:00:00,AVAILABLE,OT006,SURG280,2026-09-18 07:50:00
STAFF014,Dr./Nurse CAR_SUR_2,Surgeon,Cardiology,2026-09-18 08:00:00,2026-09-18 13:00:00,AVAILABLE,OT006,SURG281,2026-09-18 09:50:00
STAFF018,Dr./Nurse CAR_ANA_2,Anaesthetist,Cardiology,2026-09-18 08:00:00,2026-09-18 13:00:00,AVAILABLE,OT006,SURG281,2026-09-18 09:50:00
STAFF021,Dr./Nurse CAR_NUR_3,Nurse,Cardiology,2026-09-18 08:00:00,2026-09-18 13:00:00,AVAILABLE,OT006,SURG281,2026-09-18 09:50:00
STAFF024,Dr./Nurse CAR_TEC_2,Technician,Cardiology,2026-09-18 08:00:00,2026-09-18 13:00:00,AVAILABLE,OT006,SURG281,2026-09-18 09:50:00
STAFF088,Dr./Nurse PLA_SUR_4,Surgeon,Plastic Surgery,2026-09-18 10:00:00,2026-09-18 17:00:00,AVAILABLE,OT004,SURG282,2026-09-18 11:50:00
STAFF089,Dr./Nurse PLA_ANA_1,Anaesthetist,Plastic Surgery,2026-09-18 10:00:00,2026-09-18 17:00:00,AVAILABLE,OT004,SURG282,2026-09-18 11:50:00
STAFF091,Dr./Nurse PLA_NUR_1,Nurse,Plastic Surgery,2026-09-18 10:00:00,2026-09-18 17:00:00,AVAILABLE,OT004,SURG282,2026-09-18 11:50:00
STAFF095,Dr./Nurse PLA_TEC_1,Technician,Plastic Surgery,2026-09-18 10:00:00,2026-09-18 17:00:00,AVAILABLE,OT004,SURG282,2026-09-18 11:50:00
STAFF062,Dr./Nurse OBS_SUR_2,Surgeon,Obstetrics & Gynaecology,2026-09-18 12:00:00,2026-09-18 19:00:00,AVAILABLE,OT006,SURG283,2026-09-18 13:50:00
STAFF066,Dr./Nurse OBS_ANA_2,Anaesthetist,Obstetrics & Gynaecology,2026-09-18 12:00:00,2026-09-18 19:00:00,AVAILABLE,OT006,SURG283,2026-09-18 13:50:00
STAFF068,Dr./Nurse OBS_NUR_2,Nurse,Obstetrics & Gynaecology,2026-09-18 12:00:00,2026-09-18 19:00:00,AVAILABLE,OT006,SURG283,2026-09-18 13:50:00
STAFF072,Dr./Nurse OBS_TEC_2,Technician,Obstetrics & Gynaecology,2026-09-18 12:00:00,2026-09-18 19:00:00,AVAILABLE,OT006,SURG283,2026-09-18 13:50:00
STAFF040,Dr./Nurse NEU_SUR_4,Surgeon,Neurology,2026-09-18 14:00:00,2026-09-18 19:00:00,AVAILABLE,OT005,SURG284,2026-09-18 15:50:00
STAFF041,Dr./Nurse NEU_ANA_1,Anaesthetist,Neurology,2026-09-18 14:00:00,2026-09-18 19:00:00,AVAILABLE,OT005,SURG284,2026-09-18 15:50:00
STAFF045,Dr./Nurse NEU_NUR_3,Nurse,Neurology,2026-09-18 14:00:00,2026-09-18 19:00:00,AVAILABLE,OT005,SURG284,2026-09-18 15:50:00
STAFF047,Dr./Nurse NEU_TEC_1,Technician,Neurology,2026-09-18 14:00:00,2026-09-18 19:00:00,AVAILABLE,OT005,SURG284,2026-09-18 15:50:00
STAFF013,Dr./Nurse CAR_SUR_1,Surgeon,Cardiology,2026-09-18 16:00:00,2026-09-18 22:30:00,AVAILABLE,OT001,SURG285,2026-09-18 17:50:00
STAFF017,Dr./Nurse CAR_ANA_1,Anaesthetist,Cardiology,2026-09-18 16:00:00,2026-09-18 22:30:00,AVAILABLE,OT001,SURG285,2026-09-18 17:50:00
STAFF022,Dr./Nurse CAR_NUR_4,Nurse,Cardiology,2026-09-18 16:00:00,2026-09-18 22:30:00,AVAILABLE,OT001,SURG285,2026-09-18 17:50:00
STAFF024,Dr./Nurse CAR_TEC_2,Technician,Cardiology,2026-09-18 16:00:00,2026-09-18 22:30:00,AVAILABLE,OT001,SURG285,2026-09-18 17:50:00
STAFF028,Dr./Nurse GEN_SUR_4,Surgeon,General Surgery,2026-09-18 18:00:00,2026-09-19 00:30:00,AVAILABLE,OT003,SURG286,2026-09-18 19:50:00
STAFF029,Dr./Nurse GEN_ANA_1,Anaesthetist,General Surgery,2026-09-18 18:00:00,2026-09-19 00:30:00,AVAILABLE,OT003,SURG286,2026-09-18 19:50:00
STAFF033,Dr./Nurse GEN_NUR_3,Nurse,General Surgery,2026-09-18 18:00:00,2026-09-19 00:30:00,AVAILABLE,OT003,SURG286,2026-09-18 19:50:00
STAFF036,Dr./Nurse GEN_TEC_2,Technician,General Surgery,2026-09-18 18:00:00,2026-09-19 00:30:00,AVAILABLE,OT003,SURG286,2026-09-18 19:50:00
STAFF086,Dr./Nurse PLA_SUR_2,Surgeon,Plastic Surgery,2026-09-18 20:00:00,2026-09-19 01:30:00,AVAILABLE,OT005,SURG287,2026-09-18 21:50:00
STAFF089,Dr./Nurse PLA_ANA_1,Anaesthetist,Plastic Surgery,2026-09-18 20:00:00,2026-09-19 01:30:00,AVAILABLE,OT005,SURG287,2026-09-18 21:50:00
STAFF092,Dr./Nurse PLA_NUR_2,Nurse,Plastic Surgery,2026-09-18 20:00:00,2026-09-19 01:30:00,AVAILABLE,OT005,SURG287,2026-09-18 21:50:00
STAFF096,Dr./Nurse PLA_TEC_2,Technician,Plastic Surgery,2026-09-18 20:00:00,2026-09-19 01:30:00,AVAILABLE,OT005,SURG287,2026-09-18 21:50:00
STAFF027,Dr./Nurse GEN_SUR_3,Surgeon,General Surgery,2026-09-18 06:00:00,2026-09-18 11:00:00,AVAILABLE,OT003,SURG288,2026-09-18 07:50:00
STAFF030,Dr./Nurse GEN_ANA_2,Anaesthetist,General Surgery,2026-09-18 06:00:00,2026-09-18 11:00:00,AVAILABLE,OT003,SURG288,2026-09-18 07:50:00
STAFF031,Dr./Nurse GEN_NUR_1,Nurse,General Surgery,2026-09-18 06:00:00,2026-09-18 11:00:00,AVAILABLE,OT003,SURG288,2026-09-18 07:50:00
STAFF035,Dr./Nurse GEN_TEC_1,Technician,General Surgery,2026-09-18 06:00:00,2026-09-18 11:00:00,AVAILABLE,OT003,SURG288,2026-09-18 07:50:00
STAFF027,Dr./Nurse GEN_SUR_3,Surgeon,General Surgery,2026-09-19 08:00:00,2026-09-19 13:00:00,AVAILABLE,OT007,SURG289,2026-09-19 09:50:00
STAFF029,Dr./Nurse GEN_ANA_1,Anaesthetist,General Surgery,2026-09-19 08:00:00,2026-09-19 13:00:00,AVAILABLE,OT007,SURG289,2026-09-19 09:50:00
STAFF031,Dr./Nurse GEN_NUR_1,Nurse,General Surgery,2026-09-19 08:00:00,2026-09-19 13:00:00,AVAILABLE,OT007,SURG289,2026-09-19 09:50:00
STAFF036,Dr./Nurse GEN_TEC_2,Technician,General Surgery,2026-09-19 08:00:00,2026-09-19 13:00:00,AVAILABLE,OT007,SURG289,2026-09-19 09:50:00
STAFF039,Dr./Nurse NEU_SUR_3,Surgeon,Neurology,2026-09-19 10:00:00,2026-09-19 15:00:00,AVAILABLE,OT007,SURG290,2026-09-19 11:50:00
STAFF041,Dr./Nurse NEU_ANA_1,Anaesthetist,Neurology,2026-09-19 10:00:00,2026-09-19 15:00:00,AVAILABLE,OT007,SURG290,2026-09-19 11:50:00
STAFF043,Dr./Nurse NEU_NUR_1,Nurse,Neurology,2026-09-19 10:00:00,2026-09-19 15:00:00,AVAILABLE,OT007,SURG290,2026-09-19 11:50:00
STAFF048,Dr./Nurse NEU_TEC_2,Technician,Neurology,2026-09-19 10:00:00,2026-09-19 15:00:00,AVAILABLE,OT007,SURG290,2026-09-19 11:50:00
STAFF039,Dr./Nurse NEU_SUR_3,Surgeon,Neurology,2026-09-19 12:00:00,2026-09-19 19:00:00,AVAILABLE,OT008,SURG291,2026-09-19 13:50:00
STAFF042,Dr./Nurse NEU_ANA_2,Anaesthetist,Neurology,2026-09-19 12:00:00,2026-09-19 19:00:00,AVAILABLE,OT008,SURG291,2026-09-19 13:50:00
STAFF044,Dr./Nurse NEU_NUR_2,Nurse,Neurology,2026-09-19 12:00:00,2026-09-19 19:00:00,AVAILABLE,OT008,SURG291,2026-09-19 13:50:00
STAFF047,Dr./Nurse NEU_TEC_1,Technician,Neurology,2026-09-19 12:00:00,2026-09-19 19:00:00,AVAILABLE,OT008,SURG291,2026-09-19 13:50:00
STAFF014,Dr./Nurse CAR_SUR_2,Surgeon,Cardiology,2026-09-19 14:00:00,2026-09-19 19:00:00,AVAILABLE,OT003,SURG292,2026-09-19 15:50:00
STAFF018,Dr./Nurse CAR_ANA_2,Anaesthetist,Cardiology,2026-09-19 14:00:00,2026-09-19 19:00:00,AVAILABLE,OT003,SURG292,2026-09-19 15:50:00
STAFF019,Dr./Nurse CAR_NUR_1,Nurse,Cardiology,2026-09-19 14:00:00,2026-09-19 19:00:00,AVAILABLE,OT003,SURG292,2026-09-19 15:50:00
STAFF024,Dr./Nurse CAR_TEC_2,Technician,Cardiology,2026-09-19 14:00:00,2026-09-19 19:00:00,AVAILABLE,OT003,SURG292,2026-09-19 15:50:00
STAFF003,Dr./Nurse ORT_SUR_3,Surgeon,Orthopaedics,2026-09-19 16:00:00,2026-09-19 22:00:00,AVAILABLE,OT003,SURG293,2026-09-19 17:50:00
STAFF005,Dr./Nurse ORT_ANA_1,Anaesthetist,Orthopaedics,2026-09-19 16:00:00,2026-09-19 22:00:00,AVAILABLE,OT003,SURG293,2026-09-19 17:50:00
STAFF009,Dr./Nurse ORT_NUR_3,Nurse,Orthopaedics,2026-09-19 16:00:00,2026-09-19 22:00:00,AVAILABLE,OT003,SURG293,2026-09-19 17:50:00
STAFF011,Dr./Nurse ORT_TEC_1,Technician,Orthopaedics,2026-09-19 16:00:00,2026-09-19 22:00:00,AVAILABLE,OT003,SURG293,2026-09-19 17:50:00
STAFF026,Dr./Nurse GEN_SUR_2,Surgeon,General Surgery,2026-09-19 18:00:00,2026-09-20 01:00:00,AVAILABLE,OT002,SURG294,2026-09-19 19:50:00
STAFF029,Dr./Nurse GEN_ANA_1,Anaesthetist,General Surgery,2026-09-19 18:00:00,2026-09-20 01:00:00,AVAILABLE,OT002,SURG294,2026-09-19 19:50:00
STAFF033,Dr./Nurse GEN_NUR_3,Nurse,General Surgery,2026-09-19 18:00:00,2026-09-20 01:00:00,AVAILABLE,OT002,SURG294,2026-09-19 19:50:00
STAFF036,Dr./Nurse GEN_TEC_2,Technician,General Surgery,2026-09-19 18:00:00,2026-09-20 01:00:00,AVAILABLE,OT002,SURG294,2026-09-19 19:50:00
STAFF039,Dr./Nurse NEU_SUR_3,Surgeon,Neurology,2026-09-19 20:00:00,2026-09-20 03:00:00,AVAILABLE,OT005,SURG295,2026-09-19 21:50:00
STAFF042,Dr./Nurse NEU_ANA_2,Anaesthetist,Neurology,2026-09-19 20:00:00,2026-09-20 03:00:00,AVAILABLE,OT005,SURG295,2026-09-19 21:50:00
STAFF044,Dr./Nurse NEU_NUR_2,Nurse,Neurology,2026-09-19 20:00:00,2026-09-20 03:00:00,AVAILABLE,OT005,SURG295,2026-09-19 21:50:00
STAFF047,Dr./Nurse NEU_TEC_1,Technician,Neurology,2026-09-19 20:00:00,2026-09-20 03:00:00,AVAILABLE,OT005,SURG295,2026-09-19 21:50:00
STAFF074,Dr./Nurse ENT_SUR_2,Surgeon,ENT,2026-09-19 06:00:00,2026-09-19 12:30:00,AVAILABLE,OT006,SURG296,2026-09-19 07:50:00
STAFF078,Dr./Nurse ENT_ANA_2,Anaesthetist,ENT,2026-09-19 06:00:00,2026-09-19 12:30:00,AVAILABLE,OT006,SURG296,2026-09-19 07:50:00
STAFF079,Dr./Nurse ENT_NUR_1,Nurse,ENT,2026-09-19 06:00:00,2026-09-19 12:30:00,AVAILABLE,OT006,SURG296,2026-09-19 07:50:00
STAFF083,Dr./Nurse ENT_TEC_1,Technician,ENT,2026-09-19 06:00:00,2026-09-19 12:30:00,AVAILABLE,OT006,SURG296,2026-09-19 07:50:00
STAFF014,Dr./Nurse CAR_SUR_2,Surgeon,Cardiology,2026-09-19 08:00:00,2026-09-19 13:30:00,AVAILABLE,OT001,SURG297,2026-09-19 09:50:00
STAFF018,Dr./Nurse CAR_ANA_2,Anaesthetist,Cardiology,2026-09-19 08:00:00,2026-09-19 13:30:00,AVAILABLE,OT001,SURG297,2026-09-19 09:50:00
STAFF019,Dr./Nurse CAR_NUR_1,Nurse,Cardiology,2026-09-19 08:00:00,2026-09-19 13:30:00,AVAILABLE,OT001,SURG297,2026-09-19 09:50:00
STAFF023,Dr./Nurse CAR_TEC_1,Technician,Cardiology,2026-09-19 08:00:00,2026-09-19 13:30:00,AVAILABLE,OT001,SURG297,2026-09-19 09:50:00
STAFF062,Dr./Nurse OBS_SUR_2,Surgeon,Obstetrics & Gynaecology,2026-09-19 10:00:00,2026-09-19 15:00:00,AVAILABLE,OT008,SURG298,2026-09-19 11:50:00
STAFF066,Dr./Nurse OBS_ANA_2,Anaesthetist,Obstetrics & Gynaecology,2026-09-19 10:00:00,2026-09-19 15:00:00,AVAILABLE,OT008,SURG298,2026-09-19 11:50:00
STAFF070,Dr./Nurse OBS_NUR_4,Nurse,Obstetrics & Gynaecology,2026-09-19 10:00:00,2026-09-19 15:00:00,AVAILABLE,OT008,SURG298,2026-09-19 11:50:00
STAFF072,Dr./Nurse OBS_TEC_2,Technician,Obstetrics & Gynaecology,2026-09-19 10:00:00,2026-09-19 15:00:00,AVAILABLE,OT008,SURG298,2026-09-19 11:50:00
STAFF073,Dr./Nurse ENT_SUR_1,Surgeon,ENT,2026-09-19 12:00:00,2026-09-19 19:00:00,AVAILABLE,OT001,SURG299,2026-09-19 13:50:00
STAFF078,Dr./Nurse ENT_ANA_2,Anaesthetist,ENT,2026-09-19 12:00:00,2026-09-19 19:00:00,AVAILABLE,OT001,SURG299,2026-09-19 13:50:00
STAFF079,Dr./Nurse ENT_NUR_1,Nurse,ENT,2026-09-19 12:00:00,2026-09-19 19:00:00,AVAILABLE,OT001,SURG299,2026-09-19 13:50:00
STAFF084,Dr./Nurse ENT_TEC_2,Technician,ENT,2026-09-19 12:00:00,2026-09-19 19:00:00,AVAILABLE,OT001,SURG299,2026-09-19 13:50:00
STAFF086,Dr./Nurse PLA_SUR_2,Surgeon,Plastic Surgery,2026-09-19 14:00:00,2026-09-19 20:30:00,AVAILABLE,OT005,SURG300,2026-09-19 15:50:00
STAFF089,Dr./Nurse PLA_ANA_1,Anaesthetist,Plastic Surgery,2026-09-19 14:00:00,2026-09-19 20:30:00,AVAILABLE,OT005,SURG300,2026-09-19 15:50:00
STAFF092,Dr./Nurse PLA_NUR_2,Nurse,Plastic Surgery,2026-09-19 14:00:00,2026-09-19 20:30:00,AVAILABLE,OT005,SURG300,2026-09-19 15:50:00
STAFF096,Dr./Nurse PLA_TEC_2,Technician,Plastic Surgery,2026-09-19 14:00:00,2026-09-19 20:30:00,AVAILABLE,OT005,SURG300,2026-09-19 15:50:00
STAFF049,Dr./Nurse URO_SUR_1,Surgeon,Urology,2026-09-19 16:00:00,2026-09-19 21:00:00,AVAILABLE,OT003,SURG301,2026-09-19 17:50:00
STAFF053,Dr./Nurse URO_ANA_1,Anaesthetist,Urology,2026-09-19 16:00:00,2026-09-19 21:00:00,AVAILABLE,OT003,SURG301,2026-09-19 17:50:00
STAFF058,Dr./Nurse URO_NUR_4,Nurse,Urology,2026-09-19 16:00:00,2026-09-19 21:00:00,AVAILABLE,OT003,SURG301,2026-09-19 17:50:00
STAFF059,Dr./Nurse URO_TEC_1,Technician,Urology,2026-09-19 16:00:00,2026-09-19 21:00:00,AVAILABLE,OT003,SURG301,2026-09-19 17:50:00
STAFF062,Dr./Nurse OBS_SUR_2,Surgeon,Obstetrics & Gynaecology,2026-09-19 18:00:00,2026-09-20 00:30:00,AVAILABLE,OT004,SURG302,2026-09-19 19:50:00
STAFF065,Dr./Nurse OBS_ANA_1,Anaesthetist,Obstetrics & Gynaecology,2026-09-19 18:00:00,2026-09-20 00:30:00,AVAILABLE,OT004,SURG302,2026-09-19 19:50:00
STAFF069,Dr./Nurse OBS_NUR_3,Nurse,Obstetrics & Gynaecology,2026-09-19 18:00:00,2026-09-20 00:30:00,AVAILABLE,OT004,SURG302,2026-09-19 19:50:00
STAFF071,Dr./Nurse OBS_TEC_1,Technician,Obstetrics & Gynaecology,2026-09-19 18:00:00,2026-09-20 00:30:00,AVAILABLE,OT004,SURG302,2026-09-19 19:50:00
STAFF003,Dr./Nurse ORT_SUR_3,Surgeon,Orthopaedics,2026-09-19 20:00:00,2026-09-20 03:00:00,AVAILABLE,OT003,SURG303,2026-09-19 21:50:00
STAFF006,Dr./Nurse ORT_ANA_2,Anaesthetist,Orthopaedics,2026-09-19 20:00:00,2026-09-20 03:00:00,AVAILABLE,OT003,SURG303,2026-09-19 21:50:00
STAFF008,Dr./Nurse ORT_NUR_2,Nurse,Orthopaedics,2026-09-19 20:00:00,2026-09-20 03:00:00,AVAILABLE,OT003,SURG303,2026-09-19 21:50:00
STAFF011,Dr./Nurse ORT_TEC_1,Technician,Orthopaedics,2026-09-19 20:00:00,2026-09-20 03:00:00,AVAILABLE,OT003,SURG303,2026-09-19 21:50:00
STAFF087,Dr./Nurse PLA_SUR_3,Surgeon,Plastic Surgery,2026-09-19 06:00:00,2026-09-19 12:00:00,AVAILABLE,OT006,SURG304,2026-09-19 07:50:00
STAFF090,Dr./Nurse PLA_ANA_2,Anaesthetist,Plastic Surgery,2026-09-19 06:00:00,2026-09-19 12:00:00,AVAILABLE,OT006,SURG304,2026-09-19 07:50:00
STAFF094,Dr./Nurse PLA_NUR_4,Nurse,Plastic Surgery,2026-09-19 06:00:00,2026-09-19 12:00:00,AVAILABLE,OT006,SURG304,2026-09-19 07:50:00
STAFF095,Dr./Nurse PLA_TEC_1,Technician,Plastic Surgery,2026-09-19 06:00:00,2026-09-19 12:00:00,AVAILABLE,OT006,SURG304,2026-09-19 07:50:00
STAFF040,Dr./Nurse NEU_SUR_4,Surgeon,Neurology,2026-09-19 08:00:00,2026-09-19 14:30:00,UNAVAILABLE,OT006,SURG305,2026-09-19 09:50:00
STAFF042,Dr./Nurse NEU_ANA_2,Anaesthetist,Neurology,2026-09-19 08:00:00,2026-09-19 14:30:00,,OT006,SURG305,2026-09-19 08:00:00
STAFF045,Dr./Nurse NEU_NUR_3,Nurse,Neurology,2026-09-19 08:00:00,2026-09-19 14:30:00,AVAILABLE,OT006,SURG305,2026-09-19 09:50:00
STAFF048,Dr./Nurse NEU_TEC_2,Technician,Neurology,2026-09-19 08:00:00,2026-09-19 14:30:00,AVAILABLE,OT006,SURG305,2026-09-19 09:50:00
STAFF025,Dr./Nurse GEN_SUR_1,Surgeon,General Surgery,2026-09-19 10:00:00,2026-09-19 16:00:00,AVAILABLE,OT005,SURG306,2026-09-19 11:50:00
STAFF029,Dr./Nurse GEN_ANA_1,Anaesthetist,General Surgery,2026-09-19 10:00:00,2026-09-19 16:00:00,AVAILABLE,OT005,SURG306,2026-09-19 11:50:00
STAFF034,Dr./Nurse GEN_NUR_4,Nurse,General Surgery,2026-09-19 10:00:00,2026-09-19 16:00:00,AVAILABLE,OT005,SURG306,2026-09-19 11:50:00
STAFF035,Dr./Nurse GEN_TEC_1,Technician,General Surgery,2026-09-19 10:00:00,2026-09-19 16:00:00,AVAILABLE,OT005,SURG306,2026-09-19 11:50:00
STAFF088,Dr./Nurse PLA_SUR_4,Surgeon,Plastic Surgery,2026-09-19 12:00:00,2026-09-19 18:00:00,AVAILABLE,OT005,SURG307,2026-09-19 13:50:00
STAFF089,Dr./Nurse PLA_ANA_1,Anaesthetist,Plastic Surgery,2026-09-19 12:00:00,2026-09-19 18:00:00,AVAILABLE,OT005,SURG307,2026-09-19 13:50:00
STAFF094,Dr./Nurse PLA_NUR_4,Nurse,Plastic Surgery,2026-09-19 12:00:00,2026-09-19 18:00:00,AVAILABLE,OT005,SURG307,2026-09-19 13:50:00
STAFF096,Dr./Nurse PLA_TEC_2,Technician,Plastic Surgery,2026-09-19 12:00:00,2026-09-19 18:00:00,AVAILABLE,OT005,SURG307,2026-09-19 13:50:00
STAFF027,Dr./Nurse GEN_SUR_3,Surgeon,General Surgery,2026-09-19 14:00:00,2026-09-19 20:30:00,AVAILABLE,OT004,SURG308,2026-09-19 15:50:00
STAFF029,Dr./Nurse GEN_ANA_1,Anaesthetist,General Surgery,2026-09-19 14:00:00,2026-09-19 20:30:00,AVAILABLE,OT004,SURG308,2026-09-19 15:50:00
STAFF032,Dr./Nurse GEN_NUR_2,Nurse,General Surgery,2026-09-19 14:00:00,2026-09-19 20:30:00,AVAILABLE,OT004,SURG308,2026-09-19 15:50:00
STAFF036,Dr./Nurse GEN_TEC_2,Technician,General Surgery,2026-09-19 14:00:00,2026-09-19 20:30:00,AVAILABLE,OT004,SURG308,2026-09-19 15:50:00
STAFF052,Dr./Nurse URO_SUR_4,Surgeon,Urology,2026-09-19 16:00:00,2026-09-19 21:30:00,AVAILABLE,OT002,SURG309,2026-09-19 17:50:00
STAFF054,Dr./Nurse URO_ANA_2,Anaesthetist,Urology,2026-09-19 16:00:00,2026-09-19 21:30:00,AVAILABLE,OT002,SURG309,2026-09-19 17:50:00
STAFF058,Dr./Nurse URO_NUR_4,Nurse,Urology,2026-09-19 16:00:00,2026-09-19 21:30:00,AVAILABLE,OT002,SURG309,2026-09-19 17:50:00
STAFF059,Dr./Nurse URO_TEC_1,Technician,Urology,2026-09-19 16:00:00,2026-09-19 21:30:00,AVAILABLE,OT002,SURG309,2026-09-19 17:50:00
STAFF016,Dr./Nurse CAR_SUR_4,Surgeon,Cardiology,2026-09-19 18:00:00,2026-09-20 00:00:00,AVAILABLE,OT006,SURG310,2026-09-19 19:50:00
STAFF018,Dr./Nurse CAR_ANA_2,Anaesthetist,Cardiology,2026-09-19 18:00:00,2026-09-20 00:00:00,AVAILABLE,OT006,SURG310,2026-09-19 19:50:00
STAFF019,Dr./Nurse CAR_NUR_1,Nurse,Cardiology,2026-09-19 18:00:00,2026-09-20 00:00:00,AVAILABLE,OT006,SURG310,2026-09-19 19:50:00
STAFF024,Dr./Nurse CAR_TEC_2,Technician,Cardiology,2026-09-19 18:00:00,2026-09-20 00:00:00,AVAILABLE,OT006,SURG310,2026-09-19 19:50:00
STAFF074,Dr./Nurse ENT_SUR_2,Surgeon,ENT,2026-09-19 20:00:00,2026-09-20 02:00:00,AVAILABLE,OT004,SURG311,2026-09-19 21:50:00
STAFF078,Dr./Nurse ENT_ANA_2,Anaesthetist,ENT,2026-09-19 20:00:00,2026-09-20 02:00:00,AVAILABLE,OT004,SURG311,2026-09-19 21:50:00
STAFF080,Dr./Nurse ENT_NUR_2,Nurse,ENT,2026-09-19 20:00:00,2026-09-20 02:00:00,AVAILABLE,OT004,SURG311,2026-09-19 21:50:00
STAFF083,Dr./Nurse ENT_TEC_1,Technician,ENT,2026-09-19 20:00:00,2026-09-20 02:00:00,AVAILABLE,OT004,SURG311,2026-09-19 21:50:00
STAFF040,Dr./Nurse NEU_SUR_4,Surgeon,Neurology,2026-09-19 06:00:00,2026-09-19 11:30:00,AVAILABLE,OT005,SURG312,2026-09-19 07:50:00
STAFF042,Dr./Nurse NEU_ANA_2,Anaesthetist,Neurology,2026-09-19 06:00:00,2026-09-19 11:30:00,AVAILABLE,OT005,SURG312,2026-09-19 07:50:00
STAFF043,Dr./Nurse NEU_NUR_1,Nurse,Neurology,2026-09-19 06:00:00,2026-09-19 11:30:00,AVAILABLE,OT005,SURG312,2026-09-19 07:50:00
STAFF048,Dr./Nurse NEU_TEC_2,Technician,Neurology,2026-09-19 06:00:00,2026-09-19 11:30:00,AVAILABLE,OT005,SURG312,2026-09-19 07:50:00
STAFF038,Dr./Nurse NEU_SUR_2,Surgeon,Neurology,2026-09-19 08:00:00,2026-09-19 14:30:00,UNAVAILABLE,OT008,SURG313,2026-09-19 08:55:00
STAFF041,Dr./Nurse NEU_ANA_1,Anaesthetist,Neurology,2026-09-19 08:00:00,2026-09-19 14:30:00,UNAVAILABLE,OT008,SURG313,2026-09-19 08:55:00
STAFF044,Dr./Nurse NEU_NUR_2,Nurse,Neurology,2026-09-19 08:00:00,2026-09-19 14:30:00,AVAILABLE,OT008,SURG313,2026-09-19 08:55:00
STAFF047,Dr./Nurse NEU_TEC_1,Technician,Neurology,2026-09-19 08:00:00,2026-09-19 14:30:00,AVAILABLE,OT008,SURG313,2026-09-19 08:55:00
STAFF050,Dr./Nurse URO_SUR_2,Surgeon,Urology,2026-09-19 10:00:00,2026-09-19 15:30:00,AVAILABLE,OT001,SURG314,2026-09-19 11:50:00
STAFF053,Dr./Nurse URO_ANA_1,Anaesthetist,Urology,2026-09-19 10:00:00,2026-09-19 15:30:00,AVAILABLE,OT001,SURG314,2026-09-19 11:50:00
STAFF058,Dr./Nurse URO_NUR_4,Nurse,Urology,2026-09-19 10:00:00,2026-09-19 15:30:00,AVAILABLE,OT001,SURG314,2026-09-19 11:50:00
STAFF059,Dr./Nurse URO_TEC_1,Technician,Urology,2026-09-19 10:00:00,2026-09-19 15:30:00,AVAILABLE,OT001,SURG314,2026-09-19 11:50:00
STAFF028,Dr./Nurse GEN_SUR_4,Surgeon,General Surgery,2026-09-19 12:00:00,2026-09-19 18:30:00,AVAILABLE,OT005,SURG315,2026-09-19 13:50:00
STAFF030,Dr./Nurse GEN_ANA_2,Anaesthetist,General Surgery,2026-09-19 12:00:00,2026-09-19 18:30:00,AVAILABLE,OT005,SURG315,2026-09-19 13:50:00
STAFF032,Dr./Nurse GEN_NUR_2,Nurse,General Surgery,2026-09-19 12:00:00,2026-09-19 18:30:00,AVAILABLE,OT005,SURG315,2026-09-19 13:50:00
STAFF035,Dr./Nurse GEN_TEC_1,Technician,General Surgery,2026-09-19 12:00:00,2026-09-19 18:30:00,AVAILABLE,OT005,SURG315,2026-09-19 13:50:00
STAFF073,Dr./Nurse ENT_SUR_1,Surgeon,ENT,2026-09-19 14:00:00,2026-09-19 21:00:00,AVAILABLE,OT004,SURG316,2026-09-19 15:50:00
STAFF077,Dr./Nurse ENT_ANA_1,Anaesthetist,ENT,2026-09-19 14:00:00,2026-09-19 21:00:00,AVAILABLE,OT004,SURG316,2026-09-19 15:50:00
STAFF082,Dr./Nurse ENT_NUR_4,Nurse,ENT,2026-09-19 14:00:00,2026-09-19 21:00:00,AVAILABLE,OT004,SURG316,2026-09-19 15:50:00
STAFF083,Dr./Nurse ENT_TEC_1,Technician,ENT,2026-09-19 14:00:00,2026-09-19 21:00:00,AVAILABLE,OT004,SURG316,2026-09-19 15:50:00
STAFF076,Dr./Nurse ENT_SUR_4,Surgeon,ENT,2026-09-19 16:00:00,2026-09-19 21:00:00,AVAILABLE,OT007,SURG317,2026-09-19 17:50:00
STAFF078,Dr./Nurse ENT_ANA_2,Anaesthetist,ENT,2026-09-19 16:00:00,2026-09-19 21:00:00,AVAILABLE,OT007,SURG317,2026-09-19 17:50:00
STAFF081,Dr./Nurse ENT_NUR_3,Nurse,ENT,2026-09-19 16:00:00,2026-09-19 21:00:00,AVAILABLE,OT007,SURG317,2026-09-19 17:50:00
STAFF083,Dr./Nurse ENT_TEC_1,Technician,ENT,2026-09-19 16:00:00,2026-09-19 21:00:00,AVAILABLE,OT007,SURG317,2026-09-19 17:50:00
STAFF052,Dr./Nurse URO_SUR_4,Surgeon,Urology,2026-09-19 18:00:00,2026-09-19 23:30:00,AVAILABLE,OT003,SURG318,2026-09-19 19:50:00
STAFF054,Dr./Nurse URO_ANA_2,Anaesthetist,Urology,2026-09-19 18:00:00,2026-09-19 23:30:00,AVAILABLE,OT003,SURG318,2026-09-19 19:50:00
STAFF056,Dr./Nurse URO_NUR_2,Nurse,Urology,2026-09-19 18:00:00,2026-09-19 23:30:00,AVAILABLE,OT003,SURG318,2026-09-19 19:50:00
STAFF059,Dr./Nurse URO_TEC_1,Technician,Urology,2026-09-19 18:00:00,2026-09-19 23:30:00,AVAILABLE,OT003,SURG318,2026-09-19 19:50:00
STAFF003,Dr./Nurse ORT_SUR_3,Surgeon,Orthopaedics,2026-09-19 20:00:00,2026-09-20 01:30:00,AVAILABLE,OT002,SURG319,2026-09-19 21:50:00
STAFF005,Dr./Nurse ORT_ANA_1,Anaesthetist,Orthopaedics,2026-09-19 20:00:00,2026-09-20 01:30:00,AVAILABLE,OT002,SURG319,2026-09-19 21:50:00
STAFF008,Dr./Nurse ORT_NUR_2,Nurse,Orthopaedics,2026-09-19 20:00:00,2026-09-20 01:30:00,AVAILABLE,OT002,SURG319,2026-09-19 21:50:00
STAFF012,Dr./Nurse ORT_TEC_2,Technician,Orthopaedics,2026-09-19 20:00:00,2026-09-20 01:30:00,AVAILABLE,OT002,SURG319,2026-09-19 21:50:00
STAFF076,Dr./Nurse ENT_SUR_4,Surgeon,ENT,2026-09-19 06:00:00,2026-09-19 13:00:00,AVAILABLE,OT005,SURG320,2026-09-19 06:55:00
STAFF077,Dr./Nurse ENT_ANA_1,Anaesthetist,ENT,2026-09-19 06:00:00,2026-09-19 13:00:00,AVAILABLE,OT005,SURG320,2026-09-19 06:55:00
STAFF081,Dr./Nurse ENT_NUR_3,Nurse,ENT,2026-09-19 06:00:00,2026-09-19 13:00:00,AVAILABLE,OT005,SURG320,2026-09-19 06:55:00
STAFF084,Dr./Nurse ENT_TEC_2,Technician,ENT,2026-09-19 06:00:00,2026-09-19 13:00:00,AVAILABLE,OT005,SURG320,2026-09-19 06:55:00
